SummaryNr,Degree,Nature,Occupation,FallDist,Cause,FatCause,TaskAssigned,HumanFactor,EnvironmentFactor,EventType,SourceInjury,PartBody,ProjType, ProjCost,EndUse
202654687,1,4,2,1,2,3,1,2,2,1,2,4,1,4,2
202509832,1,1,2,1,2,2,1,2,2,1,3,3,2,1,2
202614806,1,2,1,2,1,1,1,2,2,1,1,1,1,1,2
200626711,2,1,4,2,1,1,1,5,1,1,1,1,1,1,3
202649232,2,2,3,2,2,2,1,2,2,1,3,1,1,2,2
202614673,2,1,1,2,2,2,1,1,4,1,3,1,2,1,2
202493359,2,2,2,2,2,3,2,5,1,1,2,1,1,5,2
201129400,1,1,3,1,2,3,2,1,1,1,5,4,2,2,2
202493243,1,1,2,1,2,4,1,6,1,1,1,2,2,1,2
200203792,2,1,1,2,1,1,1,5,1,1,5,1,1,4,2
201023876,1,1,2,2,2,4,1,6,1,1,2,4,1,3,2
201128832,1,1,3,2,3,2,1,2,2,1,5,2,1,3,1
202614202,1,2,1,3,2,2,1,2,2,1,2,1,1,6,4
201496452,1,1,2,1,2,3,1,2,1,1,5,4,1,2,1
200776615,3,4,1,2,1,4,1,5,1,1,5,2,2,2,2
201023728,1,3,2,1,2,3,1,1,1,1,1,1,1,4,2
201023678,2,3,2,1,2,1,1,1,1,1,1,1,2,2,3
200776433,1,1,1,3,2,4,1,7,1,1,1,2,2,3,2
200776417,1,1,1,3,1,1,1,1,2,1,1,1,3,1,4
200922565,2,2,3,1,1,1,1,4,2,1,4,1,3,1,2
202521092,1,2,3,2,3,5,1,3,1,1,1,2,1,2,3
201763778,2,2,3,2,3,1,1,1,2,1,4,3,1,2,1
201371432,2,2,1,3,1,1,2,3,1,1,4,1,1,2,2
201408333,2,3,3,3,2,2,1,2,2,1,3,1,3,1,2
200776078,1,1,1,1,2,4,1,2,1,1,1,2,2,1,4
201023074,1,1,1,2,1,1,1,3,2,1,1,5,1,2,2
202456893,1,1,2,1,2,1,1,2,1,1,5,2,1,5,2
201371382,2,4,1,2,1,1,1,3,1,1,5,1,1,2,1
202251997,1,1,1,2,2,4,2,2,1,1,1,5,2,1,2
200003002,2,3,3,3,1,1,1,3,1,1,1,1,2,3,1
202504692,2,2,2,1,2,1,1,1,2,1,4,1,3,2,2
200533081,2,3,3,1,2,2,1,4,3,1,5,1,2,1,2
200541860,2,4,1,2,1,4,1,3,2,1,3,2,2,1,2
201204187,1,1,2,2,2,4,1,1,1,1,3,2,1,4,4
201638525,1,1,1,3,1,1,1,1,1,1,2,2,1,3,1
201127073,1,1,4,2,1,1,1,1,1,1,2,2,1,6,2
201638517,1,1,1,2,2,4,1,4,1,1,2,4,2,1,2
201044146,1,1,1,2,2,3,1,2,2,1,2,2,1,3,4
201491750,2,3,2,1,2,3,1,1,1,1,2,1,1,4,2
202540001,1,1,3,2,2,2,1,4,4,1,3,4,2,5,2
200758738,2,1,4,3,1,3,1,1,2,1,1,1,1,5,1
202518213,1,1,3,3,1,1,1,3,1,1,1,2,1,2,1
202518296,1,1,2,2,4,3,2,5,1,1,1,2,1,2,1
200775500,3,1,1,2,2,4,1,4,1,1,1,2,1,2,2
202518544,1,2,3,2,2,1,1,5,1,1,5,2,1,6,1
201924487,2,1,1,3,2,4,1,4,1,1,1,3,1,4,2
201637923,1,2,1,3,1,1,2,1,2,1,2,4,3,1,2
200677433,2,2,4,3,1,2,1,7,2,1,3,1,1,4,2
201720307,2,2,2,1,2,6,1,2,2,1,4,1,1,6,4
202518379,1,1,3,2,1,1,1,3,1,1,2,4,3,1,1
202079414,2,2,1,2,1,1,1,2,2,1,4,1,1,2,2
201072113,1,3,2,1,2,3,1,1,2,1,2,1,1,3,2
202448254,1,1,2,3,2,1,1,3,2,1,4,2,1,5,2
201942596,2,2,2,2,1,1,1,5,1,1,1,2,1,2,2
200462240,2,2,2,2,2,1,1,5,2,1,4,1,1,5,2
202454153,1,1,4,2,1,1,1,1,1,1,1,3,1,7,2
200801934,3,4,2,3,2,3,1,2,2,1,2,5,1,2,1
200801934,1,1,2,3,2,3,1,2,2,1,2,3,1,2,1
200881431,2,1,4,2,1,1,1,4,1,1,2,1,3,1,2
202474458,1,1,2,2,2,1,1,3,1,1,1,2,1,2,3
201622388,1,1,2,2,2,1,1,1,1,1,5,4,1,4,2
201862943,2,2,1,2,2,4,1,2,2,1,4,1,1,2,2
200784304,2,2,3,3,2,6,2,3,1,1,2,2,1,3,4
200083129,1,1,1,3,1,4,1,3,2,1,5,4,3,1,4
170835631,1,1,2,3,1,1,1,3,1,1,5,2,2,3,1
200263218,2,3,1,3,2,1,2,1,1,1,3,1,2,1,4
200603678,2,2,1,2,1,1,1,1,1,1,2,3,1,4,2
200713196,2,1,4,2,1,1,1,5,1,1,5,1,1,3,2
202485165,1,2,4,2,1,1,1,3,4,1,2,1,1,4,1
202341822,2,3,1,3,1,1,1,5,1,1,2,1,2,2,1
201203650,1,1,3,2,2,4,1,2,2,1,4,5,2,2,1
202516159,1,1,2,2,1,5,1,1,1,1,1,2,1,2,1
202516241,1,1,2,2,1,5,1,1,1,1,1,2,1,2,1
201636610,1,1,1,2,1,1,1,1,1,1,1,4,2,1,2
201282571,2,2,1,1,2,2,2,1,2,1,3,1,2,5,1
202461877,2,2,1,3,1,1,1,1,1,1,1,1,1,2,1
200462125,2,3,4,2,1,4,1,5,1,1,1,1,1,1,4
201183274,1,3,2,1,2,3,1,1,1,1,1,1,1,2,4
201038650,1,1,3,2,2,1,1,1,1,1,1,2,2,4,2
201371101,2,1,1,2,1,1,2,2,2,1,5,1,3,1,2
200170785,2,3,1,2,4,1,2,1,2,1,2,3,2,2,3
201507027,1,1,1,1,2,3,1,1,1,1,1,5,1,3,2
200623973,2,4,4,2,1,1,1,1,1,1,5,1,3,1,1
201353182,2,1,1,3,4,3,2,7,1,1,1,2,1,7,1
202443750,1,4,2,1,2,5,1,2,1,1,1,1,1,5,2
200531143,2,2,2,2,2,3,1,2,1,1,4,1,1,4,2
201148293,1,2,3,2,3,6,1,2,1,1,1,2,1,4,1
201506755,1,1,2,1,2,5,1,1,2,1,1,2,1,6,4
201992476,1,1,2,2,2,3,1,6,4,1,5,2,1,3,1
201506664,1,1,1,1,2,5,1,1,1,1,1,5,1,2,2
201272457,2,1,1,3,3,1,1,7,1,1,2,1,1,4,1
200032696,2,2,1,3,2,1,2,1,1,1,1,2,1,7,3
202450474,2,4,1,2,1,1,1,1,1,1,1,1,3,1,1
201488491,1,1,2,2,2,3,1,1,1,1,5,3,1,5,3
300833019,1,1,2,1,2,2,1,2,1,1,3,3,1,2,2
201179017,1,4,2,2,2,4,1,2,2,1,4,4,1,4,2
170368682,2,2,2,2,2,1,1,1,1,1,2,1,1,5,1
200774255,1,4,1,2,1,4,1,6,2,1,1,4,1,2,2
201069671,1,1,2,1,2,2,1,4,1,1,3,2,2,2,2
201107216,1,1,2,1,2,2,1,1,1,1,3,4,1,4,3
200923274,2,2,3,2,2,1,1,5,1,1,2,2,1,1,2
201147303,2,2,2,3,1,1,1,2,2,1,4,1,1,6,1
201522471,2,3,1,2,2,3,1,1,1,1,1,1,1,2,2
200774180,1,1,1,2,2,1,1,6,2,1,4,3,1,4,1
201147204,1,1,3,1,1,1,1,2,2,1,4,2,3,1,2
170765853,1,1,2,1,2,4,1,4,1,1,1,5,1,2,2
202315602,2,1,3,3,1,1,1,2,1,1,1,1,1,3,2
202441895,1,1,2,2,2,2,1,4,2,1,3,2,1,4,2
201106242,2,2,3,3,2,1,1,7,1,1,1,3,1,7,4
202451555,1,1,3,1,2,1,1,5,2,1,5,5,2,3,2
201772845,2,3,1,1,2,3,1,5,1,1,2,1,1,1,2
201261815,2,2,1,2,2,2,1,2,1,1,3,1,2,1,2
201020534,1,3,2,2,1,1,1,3,1,1,2,1,1,4,3
201119070,2,2,2,2,2,3,1,2,2,1,4,1,1,3,2
201261799,1,1,4,3,1,1,1,1,1,1,1,4,1,4,2
170868202,1,1,2,1,2,5,1,1,3,1,5,4,1,2,2
201037272,1,3,2,2,2,1,1,1,1,1,1,1,2,2,2
201780806,2,1,4,2,1,1,2,3,1,1,1,1,1,2,1
200921716,2,1,1,2,1,5,2,1,1,1,1,2,3,1,3
202344909,2,1,1,2,2,4,1,1,1,1,2,2,1,4,2
200570901,2,3,1,2,1,4,1,3,1,1,1,1,2,1,2
201572773,2,3,1,3,2,3,1,5,1,1,2,1,2,3,3
200980514,2,2,2,2,2,1,1,1,1,1,1,2,1,1,3
201166105,1,2,3,2,2,4,1,2,2,1,4,2,1,4,2
201125168,1,4,1,2,1,1,1,1,1,1,2,2,2,3,3
201176609,1,1,2,1,2,1,1,2,2,1,2,4,1,4,2
201036381,1,2,2,2,2,1,1,6,1,1,2,2,2,2,2
170839237,1,1,2,2,2,1,1,3,1,1,1,4,1,4,2
202075925,3,4,1,2,1,1,1,1,1,1,1,1,2,2,2
201117959,1,2,4,2,1,2,1,1,2,1,3,4,1,3,4
200773588,1,1,1,1,2,5,1,6,2,1,1,3,1,4,1
201857778,2,1,4,2,1,1,1,3,1,1,1,3,3,2,1
201486644,1,2,2,2,2,3,1,1,1,1,5,3,1,3,4
201701687,1,1,1,1,2,1,1,6,1,1,1,4,1,1,3
202013975,2,1,2,3,1,2,1,4,1,1,3,3,1,4,4
200553261,2,2,4,2,1,1,2,1,2,1,2,2,3,1,1
201923059,2,3,1,3,1,1,1,1,1,1,1,1,1,5,3
202086617,2,4,3,3,1,1,1,1,1,1,1,1,1,2,1
200622728,2,2,3,2,1,2,1,2,2,1,3,1,1,1,3
201175676,1,1,3,2,2,5,1,1,2,1,4,2,1,5,2
201311099,2,1,1,1,2,4,1,1,1,1,5,1,3,1,2
201485976,1,1,2,1,2,1,1,4,1,1,5,5,1,5,3
201486164,1,1,2,2,1,1,1,6,1,1,5,3,1,6,2
170710842,1,1,2,2,2,4,1,2,2,1,1,5,1,4,2
201942075,2,3,2,3,1,1,1,5,1,1,5,1,3,1,1
201057684,1,4,3,2,2,1,1,5,1,1,1,1,1,5,3
201057684,1,4,3,2,2,1,1,5,1,1,1,3,1,5,3
201057684,1,3,3,2,2,1,1,5,1,1,1,3,1,5,3
200331361,2,2,1,3,1,1,1,1,1,1,1,3,1,3,3
201621380,1,1,1,1,1,1,1,5,1,1,1,2,1,6,3
201103926,1,1,2,1,2,4,1,3,1,1,1,2,1,3,2
201173713,1,1,2,1,2,4,1,2,2,1,4,3,1,5,2
201352085,2,1,1,2,1,1,1,3,1,1,1,1,1,3,3
201633492,1,1,2,2,1,1,1,1,1,1,1,4,1,1,2
201172558,1,1,2,1,1,4,1,1,2,1,4,5,1,2,2
200741288,2,1,1,1,1,4,1,4,1,1,1,1,1,2,2
200772325,1,1,1,2,2,3,1,1,2,1,1,2,1,1,3
200261980,2,3,1,3,2,4,1,7,1,1,5,2,3,4,1
201406451,1,3,3,2,2,5,1,1,1,1,5,1,1,2,2
201406451,1,3,3,2,2,5,1,1,1,1,5,1,1,2,2
201633179,1,1,2,3,1,1,1,1,3,1,1,3,3,2,1
300791589,1,2,4,1,1,4,1,5,1,1,1,1,1,5,2
300859675,1,1,2,1,2,4,1,6,1,1,1,4,1,6,3
200331197,2,1,3,1,1,1,1,5,2,1,1,1,2,1,1
200420115,2,2,1,1,2,1,1,1,1,1,5,3,1,1,2
201502903,3,4,1,1,2,4,1,2,4,1,1,3,1,6,2
201502903,3,4,1,1,2,4,1,2,4,1,1,3,1,6,2
305405656,2,1,1,2,2,2,1,2,2,1,3,1,3,1,4
201680832,2,3,1,3,2,6,1,1,1,1,1,1,1,2,2
201484805,1,1,2,1,2,3,1,6,1,1,5,5,1,2,2
200001451,2,3,1,3,1,1,1,3,1,1,4,1,2,2,3
200201846,2,2,1,2,1,1,1,5,1,1,2,1,1,2,1
200022630,2,2,1,3,2,4,1,2,2,1,4,2,1,3,4
202260592,2,4,1,3,1,1,1,2,2,1,2,2,1,6,4
201034030,1,4,2,2,2,4,1,3,4,1,4,3,1,4,2
200101277,2,1,1,2,2,4,1,7,1,1,1,1,1,2,2
305023491,2,3,1,2,1,1,1,5,1,1,1,1,1,3,3
201163383,3,4,2,1,2,3,1,2,2,1,4,5,1,2,4
200170355,2,1,1,3,4,6,1,3,1,1,1,1,1,6,3
170667174,2,1,4,3,1,1,1,2,1,1,2,1,2,2,2
170870679,1,1,2,1,1,1,1,1,1,1,2,1,1,2,2
201095221,1,1,2,2,2,1,1,1,4,1,2,1,1,3,2
200740934,2,2,2,2,2,1,1,5,1,1,4,2,1,2,2
201521283,1,1,1,2,1,4,2,5,1,1,1,4,1,2,2
300785979,1,1,3,2,2,2,1,4,1,1,3,4,2,2,4
360238869,2,2,3,3,3,4,1,4,2,1,1,1,1,4,3
201094679,1,2,2,2,2,3,1,3,1,1,1,2,1,5,2
171060734,1,1,3,2,1,1,1,1,1,1,5,4,1,1,2
201405073,1,3,3,3,1,1,1,1,3,1,1,2,1,4,2
100040559,2,2,3,2,4,5,2,2,1,1,1,1,1,2,1
200621217,2,2,1,2,2,1,1,4,1,1,1,1,1,2,2
201351251,2,3,1,3,3,3,1,5,1,1,1,1,1,6,1
201631249,1,1,1,2,2,1,1,1,1,1,1,1,2,2,3
201112794,1,4,4,2,1,1,1,2,1,1,1,4,1,4,2
200401248,2,3,1,1,2,3,1,1,1,1,5,1,2,1,2
200610590,2,3,1,3,2,3,1,2,1,1,5,2,1,1,2
200040392,2,1,1,1,2,2,2,4,1,1,3,2,1,4,1
200610665,3,2,1,2,1,1,1,2,1,1,1,5,1,2,2
201054079,1,1,4,3,1,1,1,5,1,1,2,5,1,4,1
200261006,2,3,1,2,3,5,1,3,1,1,2,1,1,5,3
201093788,1,1,3,1,3,2,2,6,2,1,3,2,1,1,2
201403714,1,1,3,2,1,1,1,1,2,1,2,3,1,2,1
200965101,3,4,3,1,1,1,1,1,1,1,2,4,1,1,1
200740538,2,1,1,1,2,2,1,7,1,1,3,1,2,1,2
120276878,1,1,3,2,2,2,1,7,1,1,3,2,1,1,2
200770568,2,2,1,2,1,4,1,4,2,1,4,2,1,4,2
200770568,1,2,1,2,1,4,1,4,2,1,4,2,1,4,2
200820413,2,1,1,2,1,1,1,5,1,1,1,1,2,1,3
170123814,2,4,4,2,1,1,1,1,1,1,1,1,1,4,1
170238588,2,1,1,2,2,3,1,3,2,1,2,3,1,3,4
170869291,1,1,2,1,1,1,2,1,4,1,4,4,1,2,2
200330447,2,2,1,3,3,1,1,2,2,1,1,2,1,3,1
170360424,1,1,2,2,2,2,1,6,1,1,3,5,1,4,1
201161387,1,1,3,2,2,4,2,4,1,1,1,5,1,5,2
200000750,1,1,4,2,1,3,1,1,1,1,5,1,1,3,1
171057797,1,1,2,2,2,3,1,1,1,1,1,4,1,5,1
200010478,2,1,4,3,1,1,1,3,1,1,5,3,1,7,1
200550903,2,3,2,1,2,3,1,2,1,1,1,1,1,2,2
000896696,2,3,1,2,1,1,2,3,1,1,1,1,1,3,3
201791985,2,3,1,1,2,1,1,4,2,1,3,1,2,1,2
171057466,2,1,4,2,1,1,1,3,1,1,5,1,2,6,3
201200599,1,3,1,3,1,1,1,3,2,1,4,1,1,2,1
201402708,3,4,3,1,2,5,1,1,2,1,2,1,1,2,2
201260403,2,1,1,3,2,3,1,2,2,1,1,1,1,2,2
201520434,2,1,1,1,2,2,1,1,1,1,3,1,2,1,2
201340445,2,2,3,2,2,3,1,4,1,1,5,1,1,4,1
014287064,2,3,1,2,1,2,2,7,1,1,3,1,3,1,2
170618755,1,1,2,2,1,1,1,3,1,1,1,5,2,2,1
200270437,2,2,2,2,2,6,1,3,1,1,1,1,1,2,2
171038649,3,4,1,1,1,1,1,1,4,1,4,1,2,3,2
170831341,3,4,2,2,2,3,1,1,1,1,2,3,1,2,2
200050532,1,1,1,3,2,4,1,4,3,1,1,3,1,5,4
200920080,2,3,2,3,2,1,1,1,2,1,4,1,1,3,1
201790755,1,2,2,3,1,1,1,3,1,1,1,2,1,3,1
170701767,1,3,2,2,2,4,1,4,1,1,1,1,2,2,4
170787840,1,1,3,1,1,1,1,1,1,1,1,2,1,1,1
170618631,1,1,2,1,2,1,1,1,1,1,2,4,1,2,2
170872980,2,2,3,3,1,1,2,5,1,1,2,3,1,7,3
170701577,2,2,3,3,1,1,1,5,1,1,1,1,2,2,1
170618094,1,1,2,2,2,1,1,1,1,1,2,3,1,1,2
201520285,1,4,1,2,1,1,1,2,2,1,2,4,2,2,3
201520285,1,1,1,2,1,1,1,2,2,1,2,5,2,2,3
201091253,1,3,2,2,1,1,2,3,2,1,2,3,3,1,3
202287926,2,1,1,2,2,4,2,4,1,1,1,1,1,3,2
000655811,1,1,1,2,2,3,1,1,1,1,1,2,1,2,2
170758841,2,3,4,2,1,1,2,1,1,1,1,2,1,3,1
000665695,1,1,4,2,1,1,1,1,1,1,1,2,3,1,3
201480712,1,1,2,1,2,3,1,7,4,1,5,1,1,3,2
200000370,2,3,1,2,2,3,1,1,2,1,5,1,1,1,1
201981065,2,3,1,1,1,2,1,7,2,1,3,1,2,2,1
201951126,2,1,1,2,1,2,2,2,1,1,3,1,2,1,2
201790409,1,1,2,1,2,2,1,2,2,1,3,3,1,5,2
170250971,2,4,1,3,1,1,1,1,1,1,1,1,3,1,3
201360377,2,4,4,2,3,1,1,1,1,1,1,1,1,2,1
201360369,2,2,4,2,1,1,2,1,1,1,1,2,1,2,3
000880856,2,2,1,3,1,5,2,6,2,1,4,2,2,3,3
200270205,2,2,2,2,1,1,1,3,1,1,1,1,1,5,1
201270360,2,3,1,3,1,1,2,5,1,1,5,1,1,2,1
170726301,2,2,2,2,1,1,1,2,2,1,1,1,1,2,1
200640530,2,3,1,3,1,1,1,3,1,1,2,3,1,4,3
170886998,1,1,2,2,2,1,1,2,1,1,1,2,1,6,4
201080355,1,1,3,2,1,1,1,6,1,1,2,2,1,2,1
170758346,2,1,2,3,2,4,1,1,4,1,2,3,1,3,4
000817742,2,3,2,2,2,3,1,7,1,1,1,1,1,2,2
000568261,2,1,1,3,1,1,1,3,2,1,2,2,1,6,1
171054034,1,2,2,3,1,1,1,3,2,1,5,2,3,2,4
200603330,2,2,1,3,4,1,1,5,2,1,2,3,1,5,3
201701992,2,3,1,1,2,2,1,2,1,1,3,1,1,2,2
200673721,2,4,3,3,2,5,1,1,2,1,1,3,1,3,3
170869275,3,3,4,1,1,1,2,1,2,1,1,1,3,1,2
000880930,2,1,1,1,4,5,1,7,2,1,5,1,1,3,3
202588604,1,2,4,2,1,2,1,1,2,1,3,3,3,1,4
200171189,2,1,4,2,1,1,1,2,1,1,1,1,3,5,4
202651519,1,3,4,1,1,1,1,1,1,1,2,1,1,5,2
201204989,1,1,1,2,1,1,1,1,2,1,4,5,1,4,2
202556973,1,1,2,2,2,3,1,2,2,1,1,2,1,5,2
202657771,1,1,3,2,1,1,1,4,1,1,2,4,1,4,2
202657896,1,1,3,2,2,4,1,4,1,1,1,2,1,6,3
201408598,2,4,4,3,1,1,1,2,2,1,4,1,1,6,1
201615416,1,1,3,1,1,1,1,4,1,1,1,4,1,2,1
202570040,2,2,1,3,1,1,1,2,2,1,4,1,3,2,1
202614566,1,1,1,2,1,1,1,1,1,1,1,1,1,4,2
200042075,2,2,1,2,1,6,1,6,1,1,2,1,1,3,1
202673067,1,4,1,2,2,4,1,1,2,1,2,3,2,2,2
202656765,1,1,2,1,2,2,1,4,2,1,3,5,1,6,2
202614491,1,1,1,2,1,1,1,1,1,1,2,4,2,1,1
200626588,2,2,3,2,1,1,2,1,1,1,1,2,3,1,2
202531463,1,3,1,2,1,1,1,3,1,1,1,1,2,1,1
201129194,1,1,3,2,1,1,1,1,1,1,1,5,3,2,1
200678696,2,2,1,3,1,1,1,5,2,1,1,1,3,1,2
202522314,1,1,4,1,1,1,1,1,2,1,5,4,2,1,2
200926210,2,1,4,3,1,2,1,2,2,1,3,1,1,3,4
202554358,1,1,4,2,1,1,1,3,1,1,1,5,3,4,1
200213064,2,3,1,3,1,1,2,1,1,1,1,1,3,1,1
201764081,2,2,1,2,3,2,1,4,1,1,1,2,1,5,3
202081295,2,2,4,2,1,1,1,1,1,1,1,3,3,1,3
202081253,1,4,4,2,1,1,1,3,2,1,2,4,2,1,2
202493029,1,2,4,1,1,1,1,2,1,1,2,2,3,1,2
201764073,2,4,1,3,1,1,1,1,2,1,1,1,2,7,1
200714319,2,1,3,3,1,1,1,3,1,1,2,1,3,4,4
202553673,1,3,4,2,1,1,1,1,2,1,4,1,3,1,2
201408457,2,3,3,3,1,2,1,1,1,1,3,1,2,2,1
202634994,1,1,3,1,1,2,1,2,2,1,3,5,3,1,1
202614145,1,3,4,1,1,1,1,1,2,1,2,1,3,1,2
200922623,2,2,4,3,1,1,1,4,2,1,1,2,2,1,2
202081196,2,2,4,3,1,1,1,1,1,1,2,3,3,1,1
200542249,2,1,1,2,1,1,1,5,2,1,2,3,2,1,2
201283512,2,2,1,3,1,1,1,3,2,1,2,2,1,3,2
202457354,1,3,3,2,1,1,1,3,1,1,1,1,2,1,2
201345923,1,2,3,1,2,3,1,5,1,1,1,3,1,4,2
202561262,2,3,4,3,1,1,1,3,1,1,1,1,3,1,4
200375624,1,2,4,2,1,1,1,1,1,1,4,3,1,1,1
200359370,1,1,4,2,1,2,1,2,2,1,3,2,1,2,2
202508792,1,1,2,1,2,4,1,3,1,1,2,4,1,3,3
201408390,2,2,3,1,1,2,1,1,2,1,4,2,1,3,4
200604791,2,2,4,2,1,1,1,1,1,1,2,1,3,2,2
200074730,1,1,1,1,4,2,1,1,1,1,2,5,1,7,3
200645083,2,2,3,3,1,1,1,4,1,1,1,2,1,7,3
200359321,1,1,4,3,1,1,1,6,1,1,1,2,1,3,1
201345758,2,2,4,2,1,1,1,1,1,1,1,2,3,1,2
202635637,2,1,1,3,2,3,1,1,2,1,2,1,1,3,3
202612990,1,1,4,2,1,4,1,2,2,1,4,5,2,4,2
200534253,2,2,4,3,1,1,1,1,2,1,1,1,1,3,1
202080990,1,2,4,2,1,1,1,2,2,1,1,1,3,1,2
200981140,2,1,1,2,1,1,1,1,1,1,5,1,3,1,1
202633822,1,1,4,1,1,1,1,2,2,1,4,5,3,1,1
202457057,2,2,4,3,1,6,1,5,2,1,2,1,3,4,1
200678282,2,1,1,2,1,1,1,5,1,1,1,1,3,1,1
200272250,2,1,4,1,2,2,1,2,2,1,3,1,3,1,3
200462604,2,2,1,3,1,1,1,3,2,1,4,1,3,1,4
201956281,1,1,1,3,1,1,1,3,1,1,2,4,1,4,4
202494225,2,4,1,3,3,3,1,3,1,1,1,2,2,3,1
202494225,2,4,1,3,3,3,1,3,1,1,1,2,2,3,1
202457081,1,1,3,3,1,1,2,6,1,1,2,2,3,4,1
202494209,2,2,1,3,1,1,1,2,1,1,4,3,1,7,4
201523750,1,1,2,1,2,2,1,7,2,1,3,1,1,3,1
202612537,2,2,1,3,1,1,1,5,1,1,2,2,1,5,2
202627840,1,1,4,2,1,6,1,5,1,1,1,2,3,1,1
200902526,2,3,3,2,3,5,1,7,3,1,5,3,1,7,3
201371424,2,2,1,2,1,1,1,3,1,1,2,1,1,1,2
201523701,1,2,4,2,1,2,2,3,2,1,3,1,2,1,4
202507968,1,3,3,2,2,4,1,2,2,1,1,1,1,4,2
200644938,2,2,1,3,1,1,1,7,1,1,1,3,2,4,1
202005427,2,2,4,2,1,1,1,3,2,1,2,2,3,1,2
201773629,2,2,1,3,1,1,1,2,1,1,5,2,2,2,1
200613321,1,1,1,2,2,1,1,3,2,1,2,2,1,5,4
200033702,2,1,4,3,1,1,2,7,1,1,1,2,3,1,1
200604676,2,3,1,1,4,1,1,5,1,1,2,1,2,1,4
202080636,2,2,4,3,1,1,1,3,1,1,1,1,3,1,1
201354099,2,2,1,3,1,1,1,5,1,1,1,3,2,1,1
200758993,2,1,1,2,1,1,1,5,1,1,2,1,2,1,2
202089413,1,2,1,3,3,3,1,5,1,1,2,2,1,2,3
201044476,1,3,1,1,4,2,1,4,2,1,3,1,2,3,1
201523586,1,1,4,2,1,4,1,1,1,1,1,1,2,1,2
200625812,2,2,1,2,2,4,1,5,1,1,5,1,2,1,1
201262771,1,1,1,2,1,1,1,2,3,1,1,2,2,1,2
201262771,3,1,1,2,1,1,1,2,3,1,1,2,2,1,2
200713907,2,2,1,3,1,1,1,1,2,1,1,1,3,1,1
202541702,1,3,1,1,4,2,1,2,2,1,3,1,2,2,1
200776060,1,1,1,2,1,1,1,3,1,1,1,2,2,1,4
200881738,1,2,1,3,1,4,1,3,1,1,1,2,1,7,3
200881738,1,2,1,3,1,4,1,3,1,1,1,2,1,7,3
200881738,3,2,1,3,1,4,1,3,1,1,1,2,1,7,3
200881738,3,2,1,3,1,4,1,3,1,1,1,2,1,7,3
200881738,3,2,1,3,1,4,1,3,1,1,1,2,1,7,3
200002988,2,3,4,3,1,1,1,4,4,1,2,2,3,3,1
202541462,1,1,1,2,1,4,1,1,1,1,1,1,1,5,4
202600300,3,4,1,1,1,2,1,1,2,1,3,4,3,1,2
201363520,2,3,1,3,4,1,1,5,1,1,5,1,1,1,3
200784890,2,2,4,2,1,1,1,5,1,1,2,2,3,1,1
200203388,2,2,1,1,1,2,1,2,2,1,3,2,3,2,4
200083723,3,4,1,2,2,2,1,1,1,1,3,2,3,1,2
200123099,2,2,1,3,2,3,1,2,1,1,1,1,1,6,1
200775856,2,3,4,2,1,1,2,1,4,1,4,1,3,1,2
201283215,2,2,4,3,1,1,1,4,2,1,2,1,3,1,2
200033553,2,1,2,2,2,2,1,1,3,1,1,1,1,2,2
202599395,2,2,4,2,1,1,1,3,1,1,2,3,3,1,2
200358208,2,2,4,2,1,1,2,5,1,1,2,1,3,1,1
200023604,2,3,4,3,1,1,1,3,2,1,1,2,3,1,2
200033512,2,3,4,2,1,1,2,1,2,1,2,1,3,1,1
201925005,2,3,1,2,1,2,1,1,1,1,2,1,3,1,4
201924982,2,2,1,2,1,1,1,1,2,1,2,1,3,1,4
202599429,1,4,3,2,1,1,1,3,1,1,2,3,3,1,1
202609095,1,2,2,2,2,5,1,2,2,1,1,4,1,5,3
200677920,2,1,1,1,4,4,1,2,2,1,4,1,2,2,1
201074275,1,1,4,1,1,1,1,2,2,1,4,4,3,1,2
200541910,2,1,1,3,1,1,1,2,2,1,4,3,1,5,3
200775716,1,4,1,1,1,4,1,4,1,1,1,3,2,1,2
200604288,2,2,1,2,2,1,1,5,1,1,1,1,1,5,2
201924909,2,4,4,3,1,1,1,1,1,1,2,3,3,2,1
202014718,2,1,4,2,1,1,1,5,1,1,1,1,2,1,3
201408176,2,2,3,2,1,1,1,3,1,1,1,1,2,1,2
200925709,2,2,3,3,1,1,1,1,2,1,5,1,2,1,3
202489076,1,1,4,2,1,1,1,1,1,1,4,5,3,1,2
200784734,2,4,1,3,1,2,1,2,1,1,2,1,3,1,4
200677821,2,3,4,1,1,1,1,3,1,1,2,1,3,2,4
200002863,2,3,1,1,4,2,1,1,2,1,3,1,1,3,3
201773389,2,1,1,2,4,2,1,2,2,1,3,1,1,5,1
202488797,2,3,4,2,1,1,1,2,2,1,4,1,1,1,2
200713717,2,1,1,2,1,1,1,1,1,1,1,1,2,2,2
200083616,2,1,1,3,3,6,1,1,2,1,4,2,1,7,1
201492162,2,4,3,3,1,1,1,5,1,1,2,1,1,6,1
202584991,1,1,4,1,1,2,1,2,2,1,3,2,1,4,3
201702727,1,1,1,1,1,1,1,1,1,1,3,5,1,1,2
201763414,2,2,1,2,3,3,1,2,1,1,2,4,1,1,3
200632057,2,2,1,2,3,3,1,1,1,1,1,4,1,3,3
200203297,2,1,1,3,1,1,1,4,2,1,1,1,2,1,2
202475661,1,3,2,3,2,1,1,3,1,1,2,1,2,2,1
200690956,2,3,1,2,1,1,1,1,1,1,1,1,2,1,3
202502498,1,2,4,3,1,1,1,5,1,1,2,2,2,1,2
202540324,1,1,1,2,1,2,1,2,2,1,3,4,2,6,1
200462331,2,4,2,1,1,1,2,2,2,1,4,1,2,1,2
202488284,1,3,4,3,1,1,1,1,2,1,5,1,3,1,3
100625193,2,1,4,2,1,1,1,1,1,1,1,1,1,4,2
202467197,1,1,2,2,2,1,1,3,3,1,2,3,1,5,1
200775351,2,2,1,1,1,4,1,5,1,1,3,1,3,1,3
200713543,2,2,1,2,1,1,1,1,1,1,1,1,1,5,1
202539557,1,1,2,2,2,1,1,2,1,1,1,4,2,2,1
201321296,2,1,1,2,1,1,1,1,1,1,5,1,3,1,2
200151314,2,4,4,3,1,1,1,2,2,1,5,3,3,1,1
200775484,1,1,4,2,1,1,1,4,1,1,2,2,1,5,1
200002772,2,3,1,2,2,1,1,1,1,1,1,3,1,4,2
202342127,1,2,1,2,3,6,1,1,1,1,2,2,1,7,1
200232163,2,2,1,3,3,3,1,1,1,1,1,3,1,3,1
200541746,2,2,1,2,3,1,1,3,2,1,2,3,1,4,3
202528980,1,1,1,2,1,1,1,4,2,1,2,2,1,2,1
200002731,2,3,1,1,4,2,1,1,2,1,3,1,3,1,1
202449286,3,1,3,1,2,4,2,1,2,1,1,4,2,1,1
202527909,1,2,1,2,1,1,2,3,2,1,4,1,3,4,4
200713378,2,2,4,2,1,1,1,1,2,1,1,1,1,4,1
201773231,2,2,4,3,1,1,1,1,1,1,1,1,2,4,1
202562542,1,1,2,2,2,5,1,1,1,1,2,4,1,5,4
200603975,2,4,1,3,3,5,1,3,1,1,1,3,2,1,3
201523172,3,3,2,2,2,3,1,3,1,1,1,1,1,1,2
200677276,2,1,1,3,3,1,1,1,1,1,1,1,1,3,3
202502795,1,3,3,2,1,2,1,2,1,1,3,1,1,5,1
202079406,2,3,4,2,1,5,1,6,1,1,1,1,3,1,1
201407988,2,4,3,3,2,5,1,4,2,1,2,3,1,6,4
202474896,1,1,4,3,1,1,1,5,2,1,4,2,3,2,1
202454252,1,2,4,2,1,2,1,5,2,1,3,1,3,1,4
201637519,1,1,4,2,1,1,1,1,1,1,2,4,2,1,2
200053130,1,3,1,3,3,1,1,2,2,1,2,1,1,6,3
200053130,2,1,1,3,3,1,1,2,2,1,2,1,1,6,3
202341947,2,4,1,1,4,2,1,2,2,1,3,1,2,2,3
201184074,2,2,4,3,1,1,1,5,2,1,2,1,1,1,1
202088498,2,2,1,3,1,1,1,4,1,1,1,1,2,1,2
202474821,1,2,4,1,1,2,1,2,2,1,3,1,3,1,2
201043650,1,1,1,2,1,1,1,5,2,1,2,2,1,1,1
200774974,1,1,1,1,4,6,1,6,1,1,1,4,1,2,2
200742310,2,3,1,2,1,1,1,3,1,1,2,1,3,1,3
200774834,1,1,1,3,1,1,1,3,1,1,2,4,3,1,4
201262268,2,1,4,2,1,1,1,1,4,1,5,1,3,1,1
202079133,1,2,1,2,1,6,1,5,1,1,1,2,1,5,2
202447900,1,1,2,3,2,1,1,2,2,1,4,2,1,3,2
200881381,2,1,4,1,1,1,2,6,1,1,1,1,2,1,1
200631786,2,3,4,3,1,1,1,1,1,1,2,1,2,1,3
201763000,2,3,2,3,2,3,1,1,1,1,1,3,1,6,4
202251658,2,2,1,3,1,1,1,3,2,1,4,3,1,6,1
200677037,2,3,3,1,1,2,1,1,2,1,3,1,1,2,2
200713279,2,1,1,2,1,1,1,1,1,1,5,1,3,2,1
202486379,1,1,4,1,1,1,1,2,1,1,2,5,1,2,2
201407939,2,2,3,2,1,5,1,2,2,1,2,1,3,1,1
200774784,2,2,4,2,1,1,2,5,1,1,1,3,2,1,3
200053064,2,3,1,3,3,3,1,2,2,1,2,1,1,3,1
202288536,2,2,2,1,2,1,1,1,2,1,5,1,1,4,2
201955226,1,1,2,2,2,6,1,3,1,1,5,3,1,6,3
201344561,2,1,4,2,1,1,1,2,2,1,4,1,3,1,1
200742245,2,1,1,3,1,1,2,6,1,1,1,1,3,1,4
201039849,1,1,1,2,3,2,1,2,2,1,3,5,1,3,3
201762952,2,3,2,3,2,4,1,4,1,1,2,3,1,4,2
202014502,2,2,1,2,1,1,1,4,2,1,1,1,3,1,2
202447199,1,2,4,2,1,1,1,1,2,1,5,2,1,4,1
200603744,2,3,1,3,3,3,1,1,1,1,4,1,1,2,1
201071776,1,1,4,2,1,1,1,2,1,1,1,2,3,1,4
201169513,1,1,4,2,1,2,1,2,2,1,3,2,3,2,2
202495941,1,3,1,1,2,1,1,1,2,1,2,1,1,3,1
202472163,2,1,2,3,2,3,1,2,2,1,1,3,1,4,2
202014486,2,1,4,3,1,1,1,1,2,1,5,1,2,1,2
202495883,3,1,1,2,3,3,1,2,2,1,2,5,1,2,1
202465076,1,1,1,2,4,1,1,3,1,1,1,5,1,4,2
201168945,2,3,2,3,2,3,1,2,1,1,4,1,3,1,2
200082998,2,3,1,3,1,1,1,5,1,1,2,1,3,1,4
200452266,2,2,1,3,1,1,1,5,1,1,4,3,1,6,1
201955135,1,4,1,2,1,1,1,1,1,1,1,1,3,1,2
200784189,2,4,2,2,2,6,1,3,1,1,1,1,1,5,2
200676823,2,2,1,2,1,1,1,5,3,1,1,2,1,3,2
202472098,2,3,2,2,1,3,1,1,1,1,2,1,1,4,3
201955119,1,4,1,2,1,1,1,1,1,1,1,4,2,1,2
200924835,2,3,1,3,1,1,1,1,1,1,5,1,2,3,1
201149234,1,1,4,2,1,1,1,2,2,1,4,2,3,1,2
200073740,2,1,1,1,1,1,1,3,1,1,1,2,2,1,2
201622271,2,1,2,1,2,3,1,1,1,1,1,1,3,1,2
202495719,1,1,3,2,1,1,1,6,2,1,4,2,2,2,2
201924131,2,3,1,3,3,1,1,1,2,1,1,3,1,4,1
201720265,2,3,4,3,1,1,1,1,2,1,2,3,3,7,1
200624278,2,2,4,2,1,1,1,1,2,1,5,1,3,1,2
200052959,1,3,1,2,1,1,1,1,2,1,2,1,3,1,2
202453346,1,1,1,3,3,3,1,6,1,1,1,4,1,5,1
200374171,2,2,4,3,1,1,1,5,1,1,2,2,1,5,1
202359121,1,1,4,3,1,1,1,1,2,1,2,4,2,1,4
200910453,2,2,4,3,1,1,2,5,1,1,1,3,3,1,4
202004974,2,3,1,3,1,1,1,1,1,1,1,2,1,5,2
201573193,2,2,1,3,2,4,1,4,1,1,5,3,1,5,2
200624187,2,3,4,3,1,1,1,2,1,1,1,1,2,2,1
200151215,2,2,1,3,1,1,1,2,2,1,1,1,2,5,2
201344330,2,1,3,2,2,3,1,7,1,1,5,1,1,2,1
200901981,1,1,2,2,1,1,1,7,1,1,1,4,1,3,2
308684315,2,2,4,2,1,1,1,4,1,1,1,1,1,4,2
202498697,2,2,4,3,1,1,1,3,1,1,1,1,1,4,4
200923464,2,2,3,2,3,5,1,1,2,1,4,1,1,2,1
202461851,2,4,1,3,1,1,1,3,2,1,2,3,1,6,1
200462190,2,2,1,3,3,5,1,1,3,1,2,3,1,4,1
202361945,2,2,3,3,1,1,1,3,1,1,1,1,1,7,3
200554640,2,2,1,3,1,1,1,2,2,1,2,2,3,1,1
201992740,1,1,3,3,3,3,1,3,1,1,1,4,1,7,1
200052835,1,4,1,1,4,5,1,7,1,1,1,3,1,6,3
171111511,2,2,4,3,1,1,1,2,1,1,4,1,2,3,1
201489317,2,2,4,2,1,1,1,1,1,1,5,1,1,1,2
200462117,2,3,4,3,1,1,1,1,1,1,1,1,1,4,2
201489309,1,1,4,2,1,1,1,1,1,1,5,3,2,1,2
202361630,2,1,4,3,1,2,1,1,2,1,2,3,2,4,3
201148467,2,2,4,3,1,1,1,2,2,1,4,3,2,5,1
201203528,2,3,4,2,1,1,1,3,1,1,1,1,2,1,2
202495214,1,1,4,2,1,6,2,2,2,1,4,1,1,3,1
201148608,1,2,4,3,1,1,1,2,2,1,4,1,3,1,1
202361606,2,2,4,3,1,1,1,3,1,1,2,3,2,4,1
200355816,1,2,2,2,2,3,1,3,2,1,2,4,1,4,2
202463873,2,1,4,2,1,1,1,2,1,1,1,1,1,1,3
200758332,2,1,4,2,1,1,1,1,1,1,2,2,2,2,1
200774552,1,3,1,2,1,1,1,3,1,1,1,1,2,2,2
200612430,1,1,1,1,1,1,1,6,1,1,5,1,2,1,1
200462091,2,4,2,1,2,3,2,1,2,1,4,1,2,2,4
201088457,1,1,3,1,2,3,1,7,2,1,2,4,1,4,2
202484242,1,1,2,2,2,2,1,2,2,1,2,4,1,4,2
201488970,1,1,2,2,2,1,1,3,1,1,5,4,1,7,2
202444618,1,2,2,3,2,1,1,2,2,1,1,2,1,7,3
201488996,1,3,1,1,4,2,1,1,4,1,5,1,3,1,2
201362746,2,3,1,2,2,4,1,4,4,1,5,2,3,2,3
200831071,2,4,1,2,1,1,1,4,2,1,2,1,3,1,2
201042785,3,4,2,2,2,3,1,2,1,1,2,1,1,5,1
201042785,3,1,2,2,2,3,1,2,1,1,2,4,1,5,1
201407657,2,3,3,2,2,1,1,1,2,1,5,1,1,4,2
201992633,1,1,1,2,2,1,1,1,1,1,1,2,1,2,2
200812170,2,2,4,3,1,1,1,5,1,1,2,2,2,1,3
201042736,2,1,2,3,1,3,2,5,1,1,2,1,1,6,4
201070307,1,1,2,1,2,1,1,1,2,1,2,4,1,4,2
200676369,1,4,1,2,1,1,1,1,1,1,5,1,1,1,2
201070273,1,1,3,2,2,1,1,1,1,1,5,4,1,3,2
201942257,1,2,4,2,1,1,1,2,1,1,1,1,3,4,1
200676138,1,1,1,3,1,1,1,1,2,1,1,1,3,1,2
201182995,1,2,3,2,3,4,1,1,1,1,1,2,3,1,2
202463691,1,1,2,2,2,4,1,1,1,1,2,4,1,3,2
201635984,1,1,4,1,1,2,1,1,1,1,3,2,3,1,2
200032746,2,1,4,2,1,1,1,5,2,1,2,3,2,1,3
201362647,2,3,1,2,1,1,1,1,1,1,5,1,3,1,1
201522752,1,1,1,3,1,1,1,5,3,1,1,2,3,1,2
201042678,1,1,2,2,1,1,1,6,1,1,1,3,1,6,1
170765499,2,3,4,2,1,6,1,6,1,1,1,1,3,1,1
200541415,2,1,1,3,4,2,1,5,1,1,5,3,1,1,3
202461687,2,2,1,3,1,1,1,5,2,1,2,3,1,6,1
201772977,2,3,4,2,1,2,1,1,2,1,3,1,2,1,1
201362621,2,2,4,3,1,6,1,1,2,1,4,2,3,1,1
300833795,1,1,3,2,2,3,1,5,1,1,2,2,1,2,2
201087970,3,4,2,3,1,1,2,3,4,1,2,4,3,1,2
201179512,1,1,3,1,4,4,1,3,2,1,4,4,3,1,2
200082600,1,1,1,3,3,1,1,3,2,1,4,1,1,3,1
200262855,2,2,1,1,1,1,2,2,2,1,4,1,3,1,2
200002178,2,3,1,2,4,5,1,2,2,1,1,1,1,6,1
202004693,2,2,1,3,3,1,1,7,1,1,2,3,1,3,1
200675833,2,1,4,3,1,1,1,1,1,1,2,1,3,1,1
200831022,2,3,1,2,1,2,1,2,2,1,3,1,1,3,1
201992344,1,1,1,3,1,1,1,1,1,1,2,2,2,3,3
202359394,1,1,1,2,3,2,1,3,2,1,3,3,1,3,1
202443503,1,1,2,1,2,2,1,1,4,1,3,5,3,1,4
202443487,1,2,3,2,2,1,1,1,1,1,1,2,1,3,1
201992336,2,2,1,2,1,1,1,2,2,1,1,1,1,2,1
202353868,1,1,4,3,1,1,2,3,1,1,1,1,1,1,2
125881151,2,2,1,3,1,4,1,3,4,1,1,2,1,2,4
309254852,2,1,1,3,1,1,1,1,2,1,2,1,2,2,1
201992583,1,3,4,1,1,2,1,1,2,1,3,1,3,1,2
201147816,1,4,4,2,1,2,1,2,2,1,3,2,1,6,2
202014288,2,2,1,2,1,4,1,2,2,1,1,1,1,5,4
202359808,2,2,4,2,1,1,1,5,2,1,5,2,3,1,1
201407541,2,2,3,2,1,1,1,5,1,1,2,1,3,1,1
200530384,1,1,4,3,1,1,1,1,1,1,1,2,1,3,3
202443321,3,4,4,2,1,1,1,1,2,1,2,2,1,3,2
200102234,2,2,1,3,3,3,1,2,1,1,2,3,1,6,1
201800372,2,2,1,2,1,1,1,1,1,1,2,1,3,1,3
201407798,2,3,3,1,4,4,1,2,2,1,5,1,1,2,2
201561537,2,2,4,2,1,1,1,1,1,1,1,1,1,3,1
100022094,2,3,1,2,2,4,1,4,1,1,5,1,2,4,2
202260725,2,2,1,3,3,3,1,2,2,1,2,2,1,7,1
200774289,1,4,1,3,1,4,1,6,2,1,4,3,1,4,2
200774289,1,4,1,3,1,4,1,6,2,1,4,3,1,4,2
200676039,2,3,1,1,2,2,1,7,1,1,3,1,1,3,4
200151074,2,2,1,3,1,1,1,2,2,1,4,1,2,2,2
201087202,1,1,3,2,3,3,1,1,2,1,5,2,1,5,1
201125804,1,3,4,1,1,2,1,2,2,1,3,1,3,1,2
201147527,1,4,4,2,1,1,1,2,2,1,4,3,3,1,2
201107570,1,1,3,3,4,1,2,3,1,1,1,2,1,2,1
201858438,2,2,1,1,3,3,1,5,1,1,2,1,1,6,1
201923729,2,3,1,2,1,1,1,1,2,1,1,1,1,3,4
200690766,2,4,1,2,1,1,1,3,4,1,1,1,1,6,1
200082378,2,3,1,3,1,1,1,5,1,1,2,1,1,5,1
202450425,2,1,1,1,2,2,2,4,2,1,3,1,3,1,2
200082386,1,1,1,2,1,1,1,3,1,1,1,1,2,2,2
201561453,2,3,4,2,1,1,1,3,1,1,5,1,1,3,3
202076881,2,2,1,2,1,1,1,2,2,1,4,1,1,2,1
201857646,2,4,1,2,3,5,1,1,1,1,5,1,1,3,1
200554095,2,2,1,3,1,1,1,3,1,1,5,3,3,1,1
201343829,2,1,1,2,3,3,1,5,1,1,1,1,1,6,1
200530053,2,3,4,2,1,1,1,7,1,1,5,1,3,1,1
202441333,2,2,2,3,2,1,2,6,1,1,2,2,1,3,1
200032522,2,3,1,2,2,4,1,7,2,1,1,1,1,2,2
200373744,2,2,4,2,1,1,1,5,2,1,4,2,1,2,2
201352846,2,3,1,1,2,2,1,2,2,1,1,1,1,2,2
202442026,1,1,2,2,2,3,1,3,2,1,4,1,1,5,2
202451787,1,1,2,3,2,6,1,2,2,1,4,4,1,5,1
202442158,1,1,2,2,2,1,1,1,1,1,2,2,1,6,1
200451896,2,3,1,2,4,3,1,1,1,1,1,1,1,5,1
200603058,2,4,3,3,3,1,2,1,1,1,2,1,1,3,1
201487998,1,1,3,2,2,3,1,4,1,1,5,5,1,6,2
200675429,2,3,1,3,2,3,1,5,1,1,2,1,1,2,1
201991882,2,3,1,3,2,1,1,1,1,1,5,1,1,3,2
201320769,2,1,1,3,1,1,1,3,1,1,5,1,2,5,3
201069036,1,1,4,1,1,1,1,1,1,1,1,3,2,2,3
202441762,1,1,3,2,2,4,1,4,2,1,5,4,1,2,2
201991775,1,1,4,2,1,1,1,1,1,1,1,1,1,5,1
200072445,1,3,1,3,2,1,1,3,1,1,2,1,1,4,4
200202547,2,1,1,2,1,1,1,3,1,1,2,2,2,2,3
201488103,1,1,4,1,1,2,1,3,2,1,3,5,1,5,2
000952929,2,1,4,3,1,1,1,5,3,1,5,1,1,5,2
201042256,2,2,1,1,2,3,1,2,4,1,1,1,1,3,2
200451854,2,2,1,2,1,1,1,6,1,1,1,1,2,1,1
201942059,2,2,4,2,1,4,2,5,1,1,1,1,1,4,2
202441473,1,2,2,1,2,3,1,3,2,1,4,2,1,5,2
201370939,2,1,1,3,1,1,1,5,1,1,5,1,1,3,1
202441580,1,1,3,2,4,3,1,4,1,1,2,4,1,7,2
200774024,1,1,1,2,2,1,1,2,2,1,1,2,2,2,4
201487725,1,2,4,1,1,1,1,1,1,1,5,4,3,1,3
000952879,2,1,4,2,1,1,1,1,1,1,1,1,1,2,1
201857521,2,1,1,1,1,2,1,2,2,1,3,1,2,1,2
201037553,1,3,2,3,2,1,1,1,1,1,2,1,1,5,2
202345195,2,2,1,2,1,6,1,1,1,1,1,3,1,3,2
202345179,2,1,1,2,1,1,1,5,1,1,5,3,2,1,1
201119898,1,2,2,2,2,1,1,3,1,1,2,2,1,6,4
202023529,2,2,4,2,1,6,1,3,1,1,2,1,3,1,3
201522422,3,4,1,3,2,4,1,5,1,1,1,2,1,5,2
201991676,2,2,1,1,1,1,1,1,2,1,2,1,1,1,2
200380632,2,2,4,3,1,1,1,3,2,1,4,3,1,3,2
201799343,1,1,3,2,1,1,2,3,1,1,1,5,2,3,1
201177904,1,1,4,1,1,2,1,1,2,1,3,4,2,1,2
201177094,2,2,2,1,2,3,1,1,2,1,2,1,1,3,2
170840961,1,1,4,2,1,1,1,1,1,1,2,1,2,2,4
200202513,2,1,4,2,2,2,1,2,2,1,3,1,3,4,4
200373355,2,3,2,2,1,2,1,2,2,1,3,2,2,5,1
200880987,1,1,1,1,1,4,1,1,1,1,1,2,1,2,2
201146644,1,1,4,2,1,1,1,2,2,1,4,5,3,1,1
308660125,1,1,3,3,1,1,1,1,2,1,2,2,3,1,3
201991536,1,1,1,2,1,1,2,1,3,1,5,2,1,3,1
201068517,2,2,2,3,2,1,1,3,4,1,1,1,1,3,4
201487436,1,4,4,1,1,1,1,2,1,1,5,1,2,1,2
200052488,1,1,1,2,1,2,1,2,2,1,3,4,2,4,1
201487394,2,2,2,2,2,4,1,1,1,1,4,3,3,1,2
200822823,3,1,1,2,3,2,1,2,1,1,1,5,1,4,3
201146362,1,1,3,2,2,3,2,5,1,1,1,5,1,6,4
201853751,2,1,4,2,1,1,1,1,2,1,1,1,1,6,1
200150936,2,3,1,2,1,4,2,1,4,1,1,1,2,1,2
202076279,1,4,4,2,1,1,1,3,1,1,1,4,3,1,2
202440400,1,2,2,2,1,1,1,1,2,1,2,3,1,3,1
200262509,2,3,1,3,1,1,1,2,2,1,1,1,3,1,1
202440350,2,2,2,2,2,3,1,3,1,1,1,1,1,4,2
200262517,2,3,1,1,3,2,1,2,2,1,3,1,1,1,3
201068558,1,1,3,2,1,1,2,1,4,1,1,5,2,1,1
201407301,2,3,3,2,1,1,1,3,2,1,4,3,2,1,2
200052397,2,3,1,1,1,2,2,1,2,1,2,1,3,1,2
000901926,2,1,3,2,2,3,1,7,3,1,5,1,1,5,2
200023026,2,2,1,3,1,1,1,1,2,1,4,2,2,1,4
200773810,1,2,1,2,1,1,1,6,2,1,1,3,2,2,2
201146016,1,1,2,2,2,1,1,1,2,1,1,2,2,5,1
200541134,2,1,1,3,4,3,1,2,3,1,5,1,1,3,1
200995264,2,2,1,3,1,1,1,1,2,1,4,2,3,1,2
201058831,1,1,3,2,2,3,1,3,1,1,1,3,1,7,1
201486941,1,4,4,1,1,1,1,2,1,1,2,3,3,1,2
201486974,2,3,3,2,2,1,1,6,1,1,5,1,3,1,2
201067816,2,2,4,3,1,1,1,2,1,1,2,3,3,1,1
200712313,2,3,1,1,2,4,2,2,1,1,1,1,2,6,1
201118346,2,2,4,3,1,1,1,2,1,1,1,1,1,6,1
201166428,1,3,2,1,2,2,1,2,1,1,3,1,1,1,2
201271996,2,3,1,1,2,6,1,1,1,1,5,1,1,5,2
200072296,2,3,2,2,2,3,1,1,2,1,4,1,1,2,2
202344768,2,2,4,2,1,1,2,1,1,1,1,1,3,1,1
201634797,1,1,1,2,2,1,1,1,2,1,4,4,1,7,4
202439824,1,1,2,2,2,1,1,5,2,1,1,2,2,6,2
202439907,1,2,3,1,1,2,1,2,2,1,3,1,3,1,3
201068194,1,1,4,2,1,2,1,6,1,1,3,2,1,4,2
202004537,2,2,1,2,4,5,2,2,2,1,3,1,1,1,2
201954070,3,1,4,2,1,1,1,6,1,1,1,5,2,2,1
201085842,1,1,2,2,1,1,2,1,4,1,2,3,1,4,1
201159852,1,2,4,1,1,1,1,7,1,1,1,1,3,1,2
170840938,1,1,2,2,2,1,1,3,1,1,2,2,2,2,3
200783272,2,4,1,2,2,3,1,7,1,1,2,1,1,3,2
201118379,1,1,2,1,2,1,1,7,1,1,5,4,2,1,3
202439733,1,3,2,1,2,3,1,2,4,1,4,1,1,3,2
200122570,2,3,1,2,1,4,1,4,1,1,3,1,2,1,3
200773364,1,1,1,3,2,6,1,1,2,1,2,1,1,2,4
201105384,1,1,4,2,1,1,1,1,1,1,1,2,1,2,2
201311289,2,3,1,3,1,1,1,2,2,1,3,3,3,2,1
201522059,2,1,1,1,1,1,1,4,1,1,2,1,3,1,2
201486610,1,1,2,1,2,1,1,7,1,1,5,3,1,3,2
200712297,2,2,1,1,2,4,1,7,1,1,1,1,1,3,1
201522018,2,3,1,2,2,4,1,1,1,1,1,1,1,2,2
200773455,1,4,1,2,2,1,1,5,2,1,2,2,1,6,4
201990835,1,3,1,2,1,6,1,1,1,1,2,1,2,2,1
201990884,1,1,1,1,2,3,1,1,1,1,5,2,1,4,2
201067774,2,2,4,3,1,6,1,7,1,1,1,1,2,2,1
201486529,1,1,2,2,2,1,1,6,1,1,5,3,1,2,2
201085511,1,1,3,2,1,1,1,1,1,1,2,5,2,2,2
201521986,2,2,3,2,2,3,1,4,2,1,1,2,1,6,2
201085594,1,3,2,2,2,1,2,1,4,1,1,1,1,5,1
201159035,1,1,4,2,1,1,1,2,1,1,2,1,1,4,2
201991247,2,3,2,2,2,3,1,5,1,1,2,1,1,6,4
201953817,1,4,4,2,1,2,1,7,1,1,3,4,1,1,2
200602670,2,3,1,3,2,3,1,7,1,1,5,1,1,6,4
100103175,2,3,1,2,1,2,1,1,1,1,3,1,2,5,2
201145521,1,1,3,1,1,1,1,1,1,1,1,5,3,1,2
200674869,3,4,1,2,1,1,1,4,2,1,4,1,1,6,4
201772464,2,2,4,2,1,2,1,7,2,1,3,1,2,3,3
201117918,1,3,4,2,1,1,1,1,2,1,4,1,3,1,2
202344412,2,4,1,2,1,1,1,1,1,1,2,1,2,6,1
201691235,1,3,1,2,1,1,1,1,1,1,2,1,2,2,1
201486420,1,1,4,1,1,2,1,1,1,1,5,4,1,3,2
201486321,1,4,4,2,1,1,1,2,1,1,2,3,3,2,1
201352432,2,1,1,3,1,1,1,6,1,1,1,1,1,4,4
201118189,3,4,2,2,2,3,1,2,4,1,4,2,1,4,2
201085420,1,3,4,1,1,1,2,1,4,1,2,1,1,1,2
202351920,1,3,3,1,4,2,1,4,4,1,3,1,1,7,1
000952325,2,1,4,1,1,1,1,1,1,1,1,2,1,2,1
170843700,1,1,4,2,1,1,1,1,1,1,2,2,1,1,2
201504735,3,4,4,3,1,1,1,2,2,1,1,3,3,1,4
201035920,1,1,2,2,2,3,1,6,2,1,4,2,1,2,2
200674760,2,2,1,2,1,1,2,3,1,1,1,3,2,1,1
201175080,1,2,4,2,1,1,1,1,2,1,2,4,1,4,2
200202174,2,2,1,3,4,5,1,2,2,1,4,2,2,2,3
201117355,1,1,4,2,1,1,1,2,1,1,4,2,1,5,2
200822401,1,1,2,2,2,1,1,1,1,1,5,2,1,2,2
170707798,2,1,4,3,1,1,1,5,1,1,1,2,1,4,3
201158862,1,1,4,2,1,1,1,2,2,1,4,2,1,4,2
201159084,1,1,4,2,1,1,1,2,1,1,2,2,1,3,2
307019471,2,3,1,3,1,1,1,3,1,1,5,1,3,2,1
201165495,2,2,1,2,1,1,1,2,2,1,4,1,3,4,1
200513430,2,2,4,2,1,4,2,4,1,1,4,1,1,2,2
200220168,2,2,1,3,1,1,1,1,2,1,1,3,1,6,3
201772316,2,2,1,2,1,1,2,1,1,1,1,2,3,1,2
201691987,1,3,4,1,1,2,1,4,3,1,3,1,2,1,1
202353736,1,1,3,2,1,1,1,5,2,1,5,3,3,1,1
200622744,2,2,2,3,2,6,2,5,1,1,5,1,1,7,3
200622736,2,3,1,2,1,1,1,5,1,1,1,1,1,2,2
202313821,1,1,2,1,2,4,1,1,1,1,1,4,1,5,1
200372910,2,3,2,3,1,1,2,2,2,1,1,2,1,3,1
201144342,1,1,2,1,2,2,1,4,2,1,3,2,1,7,2
202004446,2,2,4,2,1,1,1,2,2,1,2,1,1,2,2
200202265,2,2,4,2,1,1,1,1,1,1,5,1,3,1,2
170873186,1,1,4,2,1,1,1,1,1,1,1,4,2,1,2
201989837,1,1,1,2,1,1,1,2,1,1,5,1,1,5,1
200150811,1,1,4,2,1,1,1,3,1,1,1,1,2,5,1
201144771,1,1,2,3,2,1,1,3,2,1,2,4,1,6,4
201084381,1,4,4,1,1,2,1,2,2,1,3,1,3,1,2
201261575,2,3,1,2,4,1,1,1,1,1,1,1,2,2,2
201067006,1,1,2,2,2,1,1,4,1,1,2,1,1,5,2
202339727,1,1,4,1,1,3,1,1,2,1,2,1,1,2,3
201485950,1,1,4,2,1,1,1,1,1,1,5,3,1,3,2
201271764,2,1,1,2,3,1,1,5,1,1,1,1,1,6,1
200602514,2,3,1,3,3,1,1,1,2,1,2,1,1,3,1
201681632,1,1,1,2,1,1,1,1,1,1,2,5,1,2,2
200840924,2,1,1,2,1,6,2,1,1,1,2,1,2,1,1
200772796,1,4,1,2,2,2,1,1,1,1,1,4,1,5,1
201485802,1,1,4,1,1,4,1,6,1,1,5,3,2,2,1
201521796,1,1,1,2,1,1,1,7,1,1,2,2,3,1,2
200650810,2,3,3,2,1,1,1,3,1,1,1,1,2,3,1
170710834,1,1,2,2,1,4,1,5,2,1,1,5,1,4,2
200231330,2,2,4,3,1,1,1,5,1,1,2,3,1,4,1
201066123,2,3,3,1,1,1,1,1,3,1,1,1,2,1,2
201144151,1,1,2,1,2,1,1,1,2,1,5,4,1,4,2
200822062,2,3,1,2,4,4,1,5,1,1,4,1,1,5,2
201041464,1,1,3,2,1,2,1,2,2,1,3,2,3,2,4
202349650,2,2,2,2,2,3,1,2,2,1,4,1,1,6,4
201485638,1,1,2,3,2,2,1,1,1,1,5,4,1,5,4
201922770,2,2,3,3,3,2,1,2,2,1,3,3,1,2,1
201320496,2,1,1,3,1,1,1,6,1,1,2,2,1,1,1
201115813,3,4,1,2,1,1,1,3,2,1,2,2,3,1,1
304891658,2,4,3,2,1,1,1,1,2,1,5,1,2,1,4
014269310,1,1,4,2,1,2,1,1,2,1,3,2,1,3,3
200011674,2,3,4,3,1,1,1,1,1,1,5,1,1,1,1
201124385,2,3,1,2,2,1,1,1,2,1,2,1,1,6,2
170838122,1,1,4,2,1,1,1,1,1,1,1,4,3,1,1
201343001,2,3,1,3,1,5,1,1,2,1,5,1,2,5,1
170763536,1,1,4,3,1,1,1,3,4,1,1,4,1,3,3
201041266,1,1,3,2,3,2,1,2,2,1,3,2,1,1,3
100354828,2,1,4,2,1,1,1,5,2,1,2,1,1,1,1
201988961,2,2,1,3,1,2,1,4,2,1,3,2,1,3,1
306232844,2,3,1,2,1,2,1,2,1,1,3,1,3,1,1
201761764,2,3,1,2,1,1,1,6,1,1,2,1,1,3,1
201862513,2,2,1,2,3,1,1,5,2,1,1,2,1,2,3
202013819,2,1,2,3,2,3,1,5,1,1,2,1,1,6,4
201485232,1,1,2,2,2,1,1,1,1,1,5,3,1,5,2
201362043,2,4,1,1,1,2,1,2,2,1,3,1,1,4,2
201115292,1,1,2,1,2,2,1,2,1,1,3,4,1,5,1
200011641,2,2,1,2,1,1,1,1,1,1,1,3,3,1,1
202349908,1,3,4,3,1,1,1,5,2,1,2,2,2,5,3
200540847,2,4,1,3,1,6,1,1,1,1,1,3,3,2,1
200674059,2,4,4,3,1,1,1,1,2,1,2,3,2,4,2
200150589,2,1,1,3,1,1,1,7,1,1,2,1,3,2,3
200772283,3,4,1,1,2,2,1,1,1,1,2,4,1,1,2
202327979,2,3,4,3,2,1,1,3,1,1,1,1,1,3,4
170707749,3,4,3,2,1,3,1,6,1,1,2,5,1,5,1
200622165,2,2,1,1,3,2,2,7,1,1,3,1,2,5,3
201771813,2,2,4,3,1,3,1,7,1,1,2,1,1,3,2
201406543,2,3,3,1,3,2,1,3,2,1,3,1,1,4,1
202075107,2,2,2,2,2,3,1,1,1,1,1,1,1,3,1
201056991,1,1,4,2,1,1,1,7,1,1,2,1,3,1,1
200461424,2,2,4,2,1,4,1,1,2,1,1,2,2,1,2
014269294,1,1,4,2,1,1,1,1,1,1,1,2,3,1,1
201114444,1,1,2,2,2,3,1,5,1,1,2,2,1,6,3
201065406,1,1,4,1,1,1,1,1,2,1,4,5,1,5,2
201503174,1,1,4,2,1,1,1,5,1,1,1,3,3,1,2
200261782,2,1,1,2,4,3,1,2,1,1,1,1,2,1,3
202076063,2,1,4,1,1,1,1,1,2,1,5,1,1,1,2
201796562,1,2,3,1,1,1,1,2,2,1,2,1,3,1,2
201142882,1,3,4,2,1,1,2,5,1,1,1,1,3,1,2
201572146,2,2,1,3,1,1,1,5,3,1,2,1,1,5,2
201485067,1,1,1,1,1,1,1,5,1,1,1,2,1,6,2
200690519,2,1,4,2,1,1,1,1,1,1,1,3,1,4,3
200772069,3,4,3,1,1,4,1,1,1,1,3,1,2,1,2
202339529,1,1,2,3,2,2,1,1,2,1,3,5,3,5,1
200772077,1,1,1,2,1,1,1,3,1,1,1,4,2,3,1
202013710,2,1,2,2,1,4,1,5,1,1,1,1,2,2,2
200081453,2,2,1,3,2,3,2,1,1,1,2,1,1,4,4
201065448,1,2,4,1,1,1,1,1,1,1,5,4,1,5,2
200920866,2,3,1,1,2,3,1,5,1,1,1,1,1,2,2
201201811,1,3,2,2,2,4,1,4,1,1,2,1,2,2,2
170840581,1,2,4,1,1,1,1,7,1,1,2,2,3,1,2
201571197,1,4,4,2,1,1,1,3,1,1,1,2,1,4,2
201351772,2,3,4,2,1,1,1,6,1,1,1,1,2,2,1
100969674,3,4,2,2,2,4,1,1,1,1,1,3,2,1,2
014269302,1,1,4,2,1,1,1,1,2,1,1,2,1,3,2
202340162,2,1,1,3,3,3,1,3,1,1,2,1,1,7,1
300790169,1,1,2,2,2,4,1,1,1,1,1,3,1,2,2
200211183,2,3,1,3,1,1,1,2,1,1,2,1,1,5,2
202086039,2,1,3,2,1,1,1,1,1,1,1,1,1,1,2
200901031,2,3,1,3,3,1,2,6,1,1,2,2,2,1,1
202327821,2,2,1,1,3,2,1,1,2,1,3,1,1,4,1
201405933,1,1,3,2,1,1,1,6,1,1,1,4,1,5,1
201181054,1,3,3,1,2,2,1,2,2,1,3,1,2,2,1
201155991,1,2,4,3,1,6,1,5,1,1,1,2,1,3,1
201405875,3,1,3,2,2,1,1,1,2,1,5,4,1,5,1
360315378,2,2,1,3,1,1,1,1,1,1,5,2,2,1,3
200771681,1,1,2,2,2,4,1,1,1,1,2,2,1,3,2
201114113,1,1,2,1,2,3,1,2,1,1,2,2,1,5,2
200821510,2,2,1,2,2,1,1,3,1,1,1,1,1,3,4
202013702,2,3,1,2,1,1,1,1,1,1,1,1,3,1,1
200352227,2,2,1,3,1,1,1,5,1,1,5,2,1,4,2
201095478,3,3,4,1,1,1,1,1,2,1,1,1,2,1,2
200711653,2,3,3,3,3,3,2,7,2,1,2,2,1,3,3
200051456,2,3,1,1,4,1,1,2,1,1,1,1,2,1,3
200782274,2,2,1,2,1,3,2,5,1,1,1,2,3,1,1
300787934,2,2,4,3,1,1,1,2,1,1,2,3,3,2,1
200900991,2,3,1,1,3,1,1,6,1,1,2,1,1,1,3
201632403,1,1,3,2,2,4,1,2,1,1,2,3,2,1,2
201155686,1,2,4,2,1,1,1,1,1,1,4,1,3,1,2
200673515,2,4,2,1,2,1,1,1,2,1,4,1,1,3,2
201521390,1,1,1,2,1,1,1,1,1,1,2,3,2,2,1
201361615,2,2,1,2,3,3,1,1,2,1,1,1,1,2,1
201484425,1,1,4,2,1,1,2,6,3,1,5,3,3,1,2
170840326,2,2,4,2,1,1,1,2,1,1,2,1,3,1,2
201261088,2,2,1,3,1,1,1,2,3,1,2,2,3,1,4
171010283,1,1,2,2,1,1,1,2,2,1,4,1,1,4,1
201033974,1,1,4,1,1,1,1,1,2,1,5,4,2,1,2
200120822,2,1,1,3,2,6,1,7,1,1,1,2,1,6,4
201116282,1,1,2,2,2,4,1,2,4,1,4,4,1,3,1
360238927,2,3,4,2,1,1,1,5,1,1,1,2,1,2,3
200673325,2,1,1,3,2,1,1,2,2,1,1,2,1,6,2
201771557,2,1,4,2,1,1,1,3,1,1,5,3,2,2,1
201055449,2,1,3,2,1,1,1,6,2,1,2,3,2,2,1
171262041,2,1,1,2,2,4,1,6,1,1,2,1,1,6,4
201405628,2,1,3,3,1,1,1,1,1,1,2,3,3,2,1
202526893,2,3,1,3,1,2,1,4,3,1,2,1,1,4,2
201063971,1,1,2,1,2,3,1,2,2,1,1,1,1,4,2
200900975,2,3,1,2,2,2,1,7,1,1,5,1,2,1,2
202311445,2,2,3,1,2,3,1,1,1,1,1,1,1,2,2
201154879,1,2,4,1,1,1,1,1,2,1,5,4,1,4,2
201154846,2,2,1,2,1,1,1,1,4,1,1,1,1,1,2
201361433,2,4,1,2,1,1,2,3,1,1,2,1,3,1,3
201404894,1,1,3,3,1,1,1,1,1,1,5,5,1,5,1
201502333,1,1,4,1,1,1,1,1,3,1,5,5,1,6,2
171011653,1,1,1,1,1,1,1,2,1,1,1,4,1,4,2
000656215,1,1,2,2,1,4,1,1,2,1,1,4,1,2,2
201033677,1,1,2,1,2,4,1,1,1,1,1,5,1,3,1
202074738,2,3,4,2,1,1,1,1,1,1,1,1,3,1,1
200022390,2,2,4,3,1,1,1,5,2,1,1,1,2,7,4
202003943,2,4,4,3,1,2,1,7,1,1,3,2,3,1,1
303383830,2,2,3,3,2,3,1,7,1,1,1,1,1,2,2
201404845,1,1,3,3,2,5,1,1,2,1,5,2,3,1,2
170831648,2,1,4,2,4,1,1,1,1,1,1,1,1,5,1
200770824,2,3,1,3,3,1,1,3,1,1,2,1,1,6,1
200022549,2,2,1,1,4,2,1,2,2,1,3,1,1,5,1
200969897,1,3,3,2,2,4,1,1,1,1,4,2,1,2,2
200551661,2,1,1,3,3,1,1,3,1,1,1,3,1,5,3
200330736,2,2,1,2,2,6,1,6,1,1,1,2,1,3,1
200673069,2,2,1,3,1,1,1,1,1,1,1,1,2,1,2
201982402,1,2,1,2,1,1,1,1,2,1,5,2,1,4,1
200810851,2,1,4,2,1,2,1,2,1,1,3,1,1,2,2
200011252,2,3,1,3,1,1,1,1,1,1,5,1,2,1,2
200880482,2,2,4,2,1,1,1,2,2,1,1,1,3,1,3
201404506,1,1,3,2,1,1,1,6,1,1,2,1,2,2,1
201700853,1,1,1,2,1,1,1,1,1,1,2,5,1,2,2
201094315,3,2,2,3,2,1,1,3,1,1,1,2,1,6,4
201094364,1,1,4,3,1,1,1,3,1,1,1,5,1,7,2
200031078,2,3,1,2,1,2,1,2,2,1,3,1,3,1,4
200270759,2,2,4,1,1,1,1,3,1,1,1,1,1,4,1
201982238,1,1,1,2,1,1,1,1,1,1,1,2,1,3,4
200011229,2,2,1,1,2,2,1,4,2,1,3,1,2,4,1
200880474,2,1,4,2,1,1,1,5,1,1,1,1,2,2,1
170626576,2,1,4,2,1,1,1,1,1,1,1,1,3,1,2
200810778,2,2,4,3,1,1,1,5,2,1,5,1,1,2,1
200371185,2,3,2,1,2,4,1,2,2,1,4,1,1,4,2
200601599,2,2,1,1,4,2,1,2,2,1,2,1,2,5,1
200080638,1,1,1,3,1,1,1,5,1,1,1,2,3,1,2
201063781,1,1,3,2,2,2,2,1,1,1,3,4,2,2,2
171059926,1,1,4,1,1,2,1,1,2,1,5,4,3,1,3
014222665,2,3,1,3,1,1,1,1,1,1,1,1,3,1,1
201570702,2,1,1,3,3,3,1,3,1,1,2,1,1,3,1
200800365,1,3,1,2,1,2,1,2,2,1,3,1,2,1,1
201054475,1,1,4,2,1,1,1,2,1,1,2,4,3,1,3
202311213,2,1,1,2,2,6,1,1,2,1,1,1,1,1,4
200781375,2,2,4,2,1,1,1,1,2,1,4,2,2,2,1
170851992,1,1,2,2,2,3,1,5,1,1,4,4,1,3,4
200460814,2,4,1,3,3,3,1,3,2,1,5,3,1,7,1
200051027,2,2,1,3,1,1,1,5,1,1,2,2,2,2,3
014411318,2,4,1,1,4,2,1,2,2,1,3,1,3,1,3
200080604,1,3,1,2,2,3,1,5,1,1,1,1,1,5,2
120308275,1,1,3,2,1,1,1,5,1,1,1,2,1,3,1
125490698,2,2,4,3,1,1,1,1,2,1,5,2,3,1,2
170019335,2,4,1,3,1,1,1,4,1,1,2,3,1,2,2
200965309,1,1,2,2,2,6,1,3,1,1,5,2,1,2,2
201340981,2,1,1,3,1,5,1,3,1,1,2,1,3,1,1
201153657,1,1,4,1,1,1,1,2,1,1,2,1,1,4,2
201404001,1,1,3,3,3,5,1,1,1,1,2,3,1,3,1
201630993,1,1,4,2,1,1,1,1,1,1,2,4,2,2,2
000837856,1,1,1,3,2,4,1,6,1,1,1,1,1,6,4
200963684,3,4,3,2,1,1,1,3,3,1,2,3,2,5,1
303422703,2,1,1,1,4,4,1,3,1,1,5,1,1,3,1
201771052,2,1,1,1,4,6,1,2,1,1,1,1,1,2,2
201483187,1,1,3,1,1,1,1,1,1,1,5,3,3,1,2
000656413,1,1,2,3,2,1,1,5,1,1,1,4,1,5,4
200963676,2,2,4,2,1,1,1,3,2,1,2,3,1,1,2
200450930,2,4,1,3,2,3,1,1,1,1,2,3,1,5,2
200210623,2,3,1,2,1,1,1,3,1,1,1,1,1,4,3
202013264,1,1,4,2,1,4,1,6,1,1,1,2,3,1,4
200740595,1,1,1,2,4,1,1,1,1,1,2,4,2,1,3
202126181,2,3,1,2,1,1,1,1,2,1,5,2,2,5,1
202311049,2,1,1,3,2,1,1,3,1,1,1,1,1,7,4
201921475,2,3,4,3,1,5,1,1,1,1,1,1,1,6,3
200201218,1,3,1,3,4,3,1,5,1,1,5,1,3,1,1
201630886,1,1,2,2,2,3,1,1,1,1,1,3,1,3,1
170869481,2,3,4,3,1,1,1,3,1,1,1,1,1,5,3
201611670,2,2,4,2,1,1,1,1,4,1,3,1,2,1,2
170019392,2,2,1,3,1,5,1,1,1,1,1,2,2,2,4
170869473,1,1,4,2,1,1,1,3,1,1,1,2,1,4,2
200201184,2,2,1,1,1,3,1,2,4,1,2,1,1,4,1
200781037,2,4,1,3,1,1,1,3,1,1,2,1,1,2,1
201560331,1,1,4,2,1,2,1,1,1,1,3,4,3,1,1
170243745,2,3,1,3,1,5,1,6,1,1,1,1,1,3,1
200880334,2,1,4,2,1,1,1,3,1,1,1,4,3,1,2
000897652,2,2,1,2,1,6,2,5,1,1,1,1,1,3,1
170869283,1,1,4,2,1,1,2,1,2,1,2,4,1,4,2
201361029,2,2,1,3,1,1,1,1,2,1,1,1,3,2,3
201570538,2,3,1,2,1,1,1,4,3,1,2,1,3,1,1
200230696,1,1,1,3,1,1,1,1,2,1,1,2,1,6,1
201403474,3,4,3,1,2,2,1,4,1,1,2,4,2,1,2
201981610,2,3,2,2,2,3,1,1,1,1,5,1,1,2,2
201040672,2,2,4,3,1,1,1,4,1,1,1,3,1,3,1
170831275,1,4,3,2,1,1,1,3,2,1,5,3,1,2,2
200780997,2,2,1,3,1,1,1,1,1,1,1,3,1,3,1
201152865,1,1,4,1,1,1,1,1,2,1,5,2,1,2,3
200030799,2,2,1,3,2,3,2,1,1,1,1,2,1,5,2
200600831,2,2,1,2,3,3,1,2,4,1,4,1,1,5,1
201101359,1,1,2,1,2,3,1,3,1,1,2,4,1,2,2
170869192,1,1,4,2,1,2,2,1,2,1,3,1,3,1,1
170869184,1,1,4,2,1,1,1,1,2,1,2,2,1,2,2
000642991,1,1,1,2,2,6,1,6,1,1,2,4,1,3,1
200620599,2,2,4,2,1,1,1,7,1,1,2,3,1,1,1
201770815,2,3,1,2,3,3,1,1,2,1,1,1,1,3,1
171122989,2,2,1,2,1,1,1,3,1,1,1,1,3,1,2
200650307,1,1,4,2,1,1,1,3,1,1,1,1,1,5,3
201141157,1,1,2,2,2,1,1,5,2,1,2,1,1,6,4
200200970,2,3,1,3,1,1,1,1,1,1,2,1,2,4,1
201482619,1,1,4,3,1,1,1,6,4,1,1,2,1,2,3
201482619,1,1,4,3,1,1,1,6,4,1,1,2,1,2,3
200540409,2,1,1,3,1,1,1,3,1,1,2,1,2,1,2
200200905,2,3,1,3,1,6,1,1,1,1,2,1,3,1,1
200850873,2,2,1,3,3,3,1,2,1,1,1,2,1,7,1
200000735,2,2,1,3,3,3,1,1,1,1,1,3,1,3,1
200880433,2,1,2,3,1,1,2,5,1,1,1,3,3,6,3
201403177,2,1,3,3,2,4,1,6,1,1,1,1,1,5,1
200671998,1,4,3,2,1,1,1,1,2,1,2,4,1,5,1
119957785,1,2,4,2,1,1,1,2,2,1,4,1,3,1,2
170831416,1,4,2,2,2,6,1,1,1,1,1,2,1,2,2
200601623,2,3,1,3,3,1,1,1,1,1,2,3,1,3,1
200600534,2,1,1,1,4,2,1,1,2,1,3,1,1,6,1
201981420,2,3,1,2,3,3,1,2,2,1,5,1,1,3,1
000951848,2,1,1,2,2,1,1,1,2,1,2,1,1,4,3
201981461,1,3,2,2,2,2,1,6,4,1,3,1,1,5,1
200330355,1,1,1,3,3,3,1,3,1,1,5,2,1,7,1
201402849,1,1,3,3,3,3,1,1,2,1,1,4,1,6,4
200851301,2,1,1,3,1,1,1,1,1,1,2,1,3,1,2
200050706,2,2,4,2,1,1,1,2,2,1,2,1,1,2,1
170359228,1,2,4,3,1,1,1,1,1,1,5,2,1,5,1
200460392,1,4,1,3,1,1,1,3,2,1,5,4,1,3,1
200050649,1,1,1,1,4,2,1,2,1,1,3,4,1,7,3
202311668,1,1,2,2,2,2,1,4,2,1,3,4,2,1,2
200671709,2,3,1,2,3,1,1,1,1,1,2,1,1,5,3
000655969,1,3,2,2,2,2,1,1,1,1,3,1,1,2,2
170897979,1,1,4,3,1,1,1,2,2,1,4,1,3,1,1
170853444,1,1,4,2,1,2,1,2,2,1,4,5,1,3,1
200550697,2,3,1,2,3,4,1,7,1,1,2,1,1,3,3
200610392,2,2,1,2,1,1,1,5,1,1,5,2,1,1,3
200962637,1,1,4,2,1,1,1,3,1,1,5,1,1,2,2
201770575,1,1,2,2,2,4,1,1,1,1,2,4,1,4,2
200900496,2,2,4,2,1,1,1,7,1,1,2,3,1,2,2
200671584,1,1,1,3,3,3,1,3,1,1,2,2,1,5,1
170843759,1,4,4,2,1,1,1,3,1,1,1,1,1,1,1
116488164,2,1,1,3,4,6,2,1,2,1,4,2,1,6,1
126008291,1,1,4,2,1,1,1,1,1,1,5,3,1,1,2
201310315,2,3,1,3,1,2,1,7,1,1,1,1,3,1,1
200540342,2,1,1,3,1,1,1,7,1,1,1,1,3,1,2
170785810,1,1,2,2,1,1,1,3,1,1,1,4,1,4,3
201951365,2,2,1,1,3,3,1,6,1,1,1,3,1,6,1
201402450,2,1,3,3,2,1,1,6,1,1,1,3,1,3,1
200780666,2,3,1,2,1,1,1,3,1,1,2,2,1,3,4
201570314,2,3,1,1,2,6,1,1,1,1,1,1,1,3,2
200780575,2,4,1,2,3,3,1,3,4,1,2,3,1,5,1
200210417,2,3,1,2,1,1,2,1,1,1,1,1,1,4,1
201791696,1,3,2,2,2,1,1,3,1,1,1,1,2,1,2
200671642,2,4,3,3,1,2,1,1,2,1,3,3,3,1,4
201402385,1,1,3,3,1,1,1,6,3,1,2,4,1,7,1
201370236,2,2,1,2,2,1,1,1,2,1,5,1,2,1,4
170853105,1,1,4,3,1,5,1,5,2,1,1,2,3,1,1
200021178,2,2,1,2,1,1,1,1,1,1,1,1,2,1,2
200200624,2,1,1,3,3,3,1,1,2,1,2,2,1,4,1
000658344,2,3,1,3,1,1,1,6,1,1,1,1,3,1,2
200962413,1,4,4,2,1,1,1,3,1,1,1,5,1,4,1
201111366,1,2,4,2,1,1,1,1,1,1,2,2,2,1,2
200021061,1,1,1,2,2,1,1,2,2,1,4,2,1,4,2
170758734,2,1,4,3,1,1,1,1,2,1,4,1,3,1,3
200780732,2,2,1,3,1,1,1,1,2,1,4,1,1,1,4
201402195,2,3,3,3,2,5,1,6,1,1,2,1,1,6,1
201481454,1,1,4,2,1,1,1,1,1,1,2,4,3,1,1
201402278,2,2,3,2,1,1,1,1,1,1,4,1,2,4,3
109208876,2,4,4,2,1,1,1,1,3,1,2,3,2,1,1
201402203,1,1,3,2,2,1,2,1,1,1,1,4,2,3,1
200460251,1,1,1,2,1,1,1,1,1,1,5,1,2,5,1
201092053,1,1,4,2,1,1,1,1,1,1,5,2,1,4,2
200671527,2,3,4,1,1,1,1,1,2,1,4,3,3,1,2
200671261,2,1,1,1,2,1,1,3,1,1,3,1,1,4,2
100351295,2,2,1,3,3,3,1,1,2,1,4,2,1,2,3
201081262,1,1,4,2,1,1,1,1,1,1,2,2,2,2,3
170764336,1,1,2,2,1,1,1,1,1,1,2,2,3,1,1
170176481,2,1,4,2,1,1,1,5,1,1,4,1,1,1,2
201770500,1,1,4,3,1,1,1,5,1,1,1,2,2,4,3
170731152,1,3,2,2,2,2,1,2,2,1,3,1,1,1,3
200020907,3,2,1,2,1,2,1,1,2,1,3,2,2,1,2
200550234,2,1,1,2,1,1,1,5,1,1,5,1,1,2,1
170618326,1,1,4,2,1,1,1,7,1,1,1,5,3,1,1
200050458,2,4,1,2,3,2,1,4,2,1,3,1,1,7,3
000658245,1,3,1,1,1,4,1,4,1,1,1,1,1,1,2
170359202,1,3,4,3,1,1,1,2,2,1,1,1,1,5,1
200710440,2,4,1,2,3,3,1,5,1,1,2,1,1,2,1
170618169,2,2,4,3,1,1,1,1,2,1,4,1,1,1,1
170888820,1,3,3,1,3,4,1,1,1,1,3,1,1,2,2
200460210,1,1,1,2,1,1,1,3,1,1,1,3,2,2,1
200961910,1,2,1,2,2,4,1,2,1,1,2,2,1,1,3
200020766,1,3,1,1,1,2,1,4,1,1,5,1,2,5,3
000655860,1,1,2,2,2,4,1,4,1,1,1,2,2,1,4
000655860,1,1,2,2,2,4,1,4,1,1,1,2,2,1,4
201401585,2,1,3,2,1,1,1,3,1,1,2,1,2,5,1
201401676,1,4,3,2,1,1,1,6,3,1,1,3,2,5,1
200780351,2,3,4,2,1,1,1,1,1,1,1,1,2,3,1
200550168,2,3,4,3,1,1,1,5,1,1,2,1,3,1,1
300177052,2,1,1,2,3,1,1,1,1,1,1,1,1,6,3
170831812,1,3,4,1,1,1,1,2,1,1,5,1,2,1,1
201610250,1,1,1,1,1,1,1,1,2,1,4,4,1,1,2
201401569,2,2,4,3,1,1,1,3,1,1,1,2,1,6,3
000936757,2,2,4,2,1,1,1,6,2,1,1,1,3,1,2
200640878,2,1,1,2,4,2,1,7,1,1,3,1,2,1,2
202287967,2,2,2,2,1,1,1,1,2,1,4,1,1,6,1
170888937,1,4,4,2,1,1,1,1,1,1,2,1,1,2,2
200460160,2,2,1,3,1,1,1,1,1,1,1,3,3,1,2
170726475,2,2,4,3,1,1,1,5,1,1,1,2,3,1,1
200690113,2,2,1,3,1,1,1,3,1,1,1,2,1,5,1
200330108,2,1,1,2,1,1,2,1,1,1,1,1,3,1,2
200770147,2,4,1,2,2,6,1,3,1,1,2,1,2,7,1
200670735,2,1,3,2,1,1,1,3,1,1,5,1,3,1,1
000898114,2,3,2,2,1,1,1,1,1,1,1,1,1,2,1
000665570,1,2,1,3,1,1,1,1,1,1,1,2,2,1,1
201310125,2,3,1,2,3,1,1,1,1,1,5,3,1,5,1
201401189,2,1,3,2,1,1,1,6,1,1,1,1,2,2,1
201790458,1,3,4,2,1,1,1,1,1,1,4,3,3,1,2
200050219,2,2,1,3,3,3,1,3,2,1,5,2,1,2,3
170726251,1,1,2,3,1,1,1,3,1,1,2,5,1,5,1
202023024,2,1,1,2,3,2,1,1,1,1,3,4,1,7,1
200450252,2,3,1,3,1,1,1,2,2,1,2,1,3,1,3
201400967,2,4,3,2,2,1,1,1,2,1,2,3,1,2,1
201310182,2,2,1,3,2,1,1,1,1,1,1,3,1,2,4
200670594,2,4,4,2,1,1,1,1,1,1,2,1,3,1,4
014475909,2,1,1,3,1,1,1,6,1,1,2,1,1,2,1
201401171,1,1,3,3,1,1,1,1,2,1,2,4,3,2,1
116228461,2,2,4,2,1,1,1,2,1,1,2,1,3,1,2
201110566,1,3,3,2,1,1,1,5,1,1,1,1,1,2,3
200210235,2,3,1,2,3,1,1,3,1,1,1,1,1,2,3
202287777,1,1,4,3,1,1,1,5,1,1,2,2,2,6,4
014258438,1,1,1,2,1,1,1,2,1,1,1,2,1,2,2
200030294,2,4,1,3,4,1,1,1,1,1,1,1,1,1,1
000921213,2,2,1,1,1,1,1,5,1,1,2,1,1,1,3
000655654,2,1,2,1,2,4,1,3,1,1,1,1,3,1,2
200000248,2,3,1,3,1,1,1,1,1,1,2,1,2,5,4
201040342,1,1,1,3,4,1,1,1,1,1,2,3,1,3,1
201060571,1,1,4,1,1,1,1,1,3,1,5,2,3,1,2
201400769,2,3,3,2,1,1,1,7,1,1,5,1,2,1,2
170828933,1,1,2,3,2,3,1,2,1,1,1,3,1,5,4
170064216,2,3,4,2,1,2,1,2,1,1,3,1,3,2,1
200961175,1,1,4,3,1,1,1,3,4,1,5,3,1,3,2
170361828,1,1,4,2,1,1,1,1,2,1,4,4,2,2,1
200960987,1,4,4,3,1,1,1,5,1,1,1,3,3,1,1
170726699,1,1,4,2,1,1,1,1,2,1,4,4,3,1,4
200960821,1,1,4,2,1,1,1,6,1,1,1,4,3,1,1
200010106,2,2,4,3,1,1,1,6,1,1,2,1,1,4,3
201520095,1,1,1,2,3,5,1,1,3,1,2,5,1,3,1
170134233,1,1,4,3,1,1,1,1,1,1,1,2,1,1,1
200210227,2,2,1,3,1,3,1,2,2,1,4,1,1,3,1
200200251,2,3,1,3,1,1,1,5,1,1,1,1,2,1,3
201570066,2,2,4,2,1,2,1,6,1,1,3,1,3,1,1
000906024,2,2,1,1,2,6,1,1,1,1,1,1,1,2,2
200520294,2,3,3,3,4,5,1,1,1,1,1,2,2,5,4
170378848,1,2,1,2,1,1,1,1,1,1,2,2,3,2,2
201770104,2,1,1,3,3,3,1,1,2,1,1,1,1,4,1
014294672,2,2,4,1,1,1,1,1,1,1,1,1,2,5,3
200780104,2,2,1,2,3,1,2,6,1,1,2,1,1,4,1
201400322,2,3,3,2,3,3,1,2,2,1,5,1,1,5,1
201400272,1,1,2,1,2,2,1,7,2,1,3,1,2,5,1
000700088,2,2,1,2,1,1,1,4,1,1,3,1,3,1,2
201350162,2,2,1,3,1,1,1,5,1,1,2,1,2,7,1
200460137,2,2,1,3,1,1,1,3,1,1,5,3,2,1,4
170872618,2,3,3,2,1,1,2,5,1,1,4,1,1,2,2
201791019,1,4,1,2,2,1,1,3,1,1,2,4,1,4,2
201080801,3,1,4,1,1,1,1,1,1,1,4,1,3,1,2
000688739,2,1,1,2,2,2,1,4,2,1,3,1,3,1,2
171045644,1,1,4,2,1,1,1,3,1,1,4,4,1,1,1
000948315,2,1,4,3,1,1,1,1,1,1,1,2,1,6,1
014283402,2,3,1,3,1,1,1,4,1,1,2,1,2,1,2
362712887,2,3,1,3,3,3,1,5,3,1,2,1,1,3,1
000699884,2,1,1,2,1,1,1,6,1,1,2,1,2,1,2
200120012,2,1,4,2,1,1,1,6,1,1,1,1,1,5,1
000699819,2,2,1,2,1,1,1,3,2,1,2,1,3,1,4
014269088,2,3,1,3,1,1,1,5,2,1,1,1,1,1,2
201750163,2,2,1,3,1,1,2,1,1,1,1,2,1,3,3
