 Surveying," Interior tile work (ceramic, vinyl, acoustic)", Swimming pool construction, Plastering," Interior plumbing, ducting, electrical work", Other Activities-Installing Ornamental And Archite, Placing bridge deck, Installation Of Decking-Initial Laying Deck (Incl, Dredging, Demolition, Installation Of Decking-Final Attachment Deck (Wel, Steel Erection Of Open Web Steel Joists-Moving Poi," Elevator, escalator installation", Steel Erection Of Solid Web-Moving Point To Point," Construction of playing fields, tennis courts", Cutting concrete pavement, Erecting structural steel, Exterior painting, Installation Of Decking-Flashing Of Decking," Installing interior walls, ceilings, doors", Steel Erection Of Solid Web-Welding/Burning/Grindi, Other Activities-Post Decking Detail Work, Steel Erection Of Solid Web-Bolting-Up/Detail Work, Steel Erection Of Solid Web-Plumbing-Up, Steel Erection Of Open Web Steel Joists-Welding/Bu, Steel Erection Of Solid Web-Landing Materials (Hoi," Seawall construction, riprap placement",Non record, Site grading and rock removal, Exterior carpentry, Site clearing and grubbing, Installing culverts and incidental drainage, Fireproofing, Pouring concrete floor at grade," Temporary work (buildings, facilities)", Steel Erection Of Open Web Steel Joists-Landing Ma," Installing windows and doors, glazing", Interior carpentry, Installing equipment (HVAC and other), Paving, Forming," Installing plumbing, lighting fixtures"," Erection of coffer dams, caissons", Pouring or installing floor decks, Interior painting and decorating, Installing underground plumbing conduit, Installation Of Decking-Hoisting Bundles, Loading dock forming and pouring, Steel Erection Of Solid Web-Connecting," Pouring concrete for piers, and pylons", Placing bridge girders and beams, Stripping and curing concrete, Exterior cladding," Trenching, installing pipe", Traffic protection, Steel Erection Of Open Web Steel Joists-Bolting-Up, Steel Erection Of Open Web Steel Joists-Connecting, Landscaping, Bituminous concrete placement, Pile driving, Backfilling and compacting, Pouring concrete foundations and walls, Steel Erection Of Open Web Steel Joists-Plumbing-U, Installing metal siding, Forming for piers or pylons, Interior masonry," Fencing, installing lights, signs, etc.", Emplacing reinforcing steel, Waterproofing, Excavation, Exterior masonry, Roofing
4.804719489112222,2.115585191868356,1.7418161824026286,4.224787368637449,2.3592958409895637,1.8681086387582417,1.9892309418159242,2.2539304423863094,2.586878067693188,1.7872298294198528,1.657905222081981,1.8396203453159832,1.5218318463006524,1.8617240353026183,1.6361864205849015,2.8374465085793776,2.2347985769134033,1.9612265959596427,2.067356276638424,1.69183862259083,2.025989972882414,1.9850961360111756,2.0034445132281684,2.025989972882414,1.744575940163977,1.9975759250124012,2.2126053152972345,1.6256080695784996,3.348198504403274,2.4560541501037503,2.4531740743940915,2.832769938297009,1.1888066542535032,1.828317521922578,1.936035453727384,1.7364522022723021,1.4632337946543377,3.0115151036956664,2.6482165987493924,1.6942375099827505,1.7950190259588565,1.9832072189651833,1.7558296767786148,1.8963319061447423,2.6993625294374777,2.4473440579865477,2.060831656300042,1.7294376879324669,2.025989972882414,1.9424863733300923,2.395593021614083,1.7698730350972616,1.8185986491370012,3.033635702674686,1.6223973416515063,1.744575940163977,1.744575940163977,1.7686884661018278,2.201841354169174,1.610692079629914,2.5761326198117174,1.744261942994921,1.744575940163977,1.7416285899951522,2.252581358472497,2.1259416283840986,1.661529630045828,1.6689855800688884,1.6626742723263666,3.625453688337199,1.8582164660638312,2.8334038938846295
2.1111248517350827,4.761104606192568,3.176599286300539,4.294958847359763,4.088452360281606,3.1471883556069784,3.3376954555572698,3.5326407874047994,1.4550216970091427,2.029857499154586,3.8131512654824955,3.614597343111304,3.6608625425439527,3.050314009511159,2.6303542403699662,4.060534511391689,3.42629534276079,4.061118000806345,3.5707547043102625,3.9587312910697348,3.4822044441840028,3.4959083734899994,3.532459944505971,3.4822044441840028,3.62951036688548,3.765822988492517,3.930566084803388,3.7940298600831786,3.6665517214143577,3.955773030899243,2.06083082011551,3.179026416170856,4.776796506329585,3.4718635209905764,3.9777549516324293,3.4782834018348305,4.2423487412766105,3.953806492785413,3.63629336658898,4.3803329810068,4.3854844202061285,4.198435299213429,2.1287108964892223,3.5695645971753045,3.963118170934992,3.3678428452167237,3.2089653382786243,2.8806807939306056,3.4822044441840028,3.5882745516283885,3.565399731572544,3.424273958263257,4.381290345896545,3.312205791329253,3.9971126770202767,3.62951036688548,3.62951036688548,4.508461532229732,4.216158084487802,3.2020846129116727,1.941179928728827,3.7147664911230462,3.62951036688548,4.198780538417079,3.903294146997554,4.150361740994423,3.2635957612960182,4.153146966069528,4.345381405777555,2.6694910859886285,4.200738890661213,4.444607746412178
1.732811055015993,3.1701623157155607,4.79984235244769,4.336391880879532,2.6398234828078584,1.7074709820270901,2.4284446378781093,3.3104131325317705,2.02752188628185,2.7278370662961433,2.812972095273092,2.2574591115387292,2.5138611253432224,1.6928578346754257,3.7045539247439487,2.8808902582004055,3.416010894955979,2.932201989655787,2.9612018030223073,2.3384294380467763,2.2849155553676193,2.589795078211843,2.1571766748899917,2.2849155553676193,2.2934292111429877,1.921642744410327,3.5027126581830417,1.6068377396382978,1.5977229276759686,3.3463397295245767,1.8405672510386335,2.016818384590538,2.2018563386453534,3.4319270958727954,3.367743396743278,1.8848890561329767,2.15527851769976,2.6672036652600832,2.933681131659756,3.8140369513167363,1.8200556597423443,2.3112873010380643,1.9796989423972309,3.4423204377207037,2.240477792485584,2.4725698049367093,1.6978429321934283,1.8477538962843423,2.2849155553676193,3.009756534197428,1.5398816419294776,2.9825638411020803,2.7470697916889004,2.1132657595885305,2.812645077382704,2.2934292111429877,2.2934292111429877,4.305271336868781,2.7211338405545025,1.4494922202392053,1.404846541261978,3.2337784584908955,2.2934292111429877,2.2068658213623644,2.8959948302811584,2.3476885582535427,1.9578691735472593,1.8191684703717037,3.8786965330186858,2.9101511646016185,3.1235529451317596,3.934967781940946
4.207522909073573,4.264786825590906,4.316282275280429,4.9984182450598365,4.284443339316663,2.7541172705020864,2.258223521735883,4.32387803077667,1.6632595472317429,4.855634227758349,3.062014445379277,2.5195589113661407,4.280753611460372,2.0431220400414443,1.9623298209739164,4.235844877627448,3.940743205028075,4.2214691409866525,4.210687380523518,3.813863304204601,3.2823657684160628,4.03172453588763,3.6366743808576922,3.2823657684160628,2.3914779521103804,2.9891376783185977,2.743847371543999,2.372729429331158,4.40198070773811,4.275135786183427,4.009887795543288,3.7718294816747946,4.8853176862223915,4.238243922044842,3.858438450801886,2.0973310943798786,4.407135386216668,4.239686341651309,4.051207436514039,4.835859843692652,2.569337716063961,4.604056230566038,2.0753106366139145,4.302773046296829,4.5116958494939965,4.012856919835478,3.4094418711803582,2.540791226764349,3.2823657684160628,3.9773330799113866,2.5549324253165335,4.198894453606937,4.420492296592741,4.289181679899155,1.9581659219593455,2.3914779521103804,2.3914779521103804,4.885569905753055,4.4272816273530164,1.729027025502181,3.5164466927272398,4.147531512623599,2.3914779521103804,4.440226210075937,3.3701055125809463,3.8299396015070957,3.892295187412828,1.9250791683276618,4.645543330709557,3.9072415441492065,4.048315306583509,4.6136914904280815
2.345558294084625,4.0802505160616604,2.6342054148604523,4.293809748185389,4.9256206535707285,2.9714411931927613,2.550080577857126,3.9204334576241475,1.714601714597654,2.338854673131491,4.107214812946944,3.6046256948668693,4.089691406095782,3.092135044152612,2.04348110627405,4.326636209430543,3.837723107107495,4.114668220112576,3.915735135240906,3.6891913886607863,3.6710528846933905,3.9919520745321107,3.9950337695318683,3.6710528846933905,3.821145628107579,3.650206041542004,3.4271102221388077,2.1078148497730993,2.858809125841403,3.9903272021631286,1.9569512467958097,3.8847553395048218,4.713448010494595,3.4723558895278988,3.99972027108186,3.6182428749359214,4.303769072702067,3.7786226314572446,3.516534532298456,4.568643606979059,3.0769465278927783,4.057341503017252,2.437321832273231,3.6233765301395104,3.987950461283237,3.7219338650035154,3.75898788077044,2.368878549000291,3.6710528846933905,4.02908226948577,3.2586577386871456,3.7258237150081657,4.17824180455979,3.530368023099826,3.714011566290271,3.821145628107579,3.821145628107579,4.2794301995551045,4.129855094498952,2.1136976083288186,1.655292197146258,3.9728248633059646,3.821145628107579,4.145021250664628,4.015824422157444,3.9217800218617263,3.6700632562674906,4.1007375401117985,4.436281395490154,3.015086965355855,4.058319753802451,4.574786524307785
1.8634463759319373,3.1400828253643116,1.7095258354799159,2.759369172164064,2.9703820631852196,4.888545910337842,2.329333862943022,2.7230110844320934,1.7677796242518604,1.58941471200123,1.9645486825068215,2.7499199786244457,2.249521234644877,2.062591978806607,2.053400646292877,3.2235058774367573,2.1336398677690793,3.841654675860008,3.0006393922278196,2.46612787212366,3.305158915539076,3.2638399972206877,3.1035152310886724,3.305158915539076,2.8632417642951475,2.6995403553557753,2.182819731919939,1.9493000116241546,2.3012529289489,3.4616418147371455,2.314395443875398,2.8628664264036248,2.1231541397421014,1.7549148999562143,2.292448799172509,2.7758692409026278,3.062932522464044,3.37869390409708,2.96439597626241,4.115433653203431,3.842680034389744,2.3195146577669656,2.377568180333696,2.04869324789461,3.9308203749893975,2.463994600833685,2.730095904940412,2.007470095826802,3.305158915539076,2.2608217937360937,2.9131535104559623,2.8978726918432933,3.5226700595767686,2.5127886021089383,3.3979963100400217,2.8632417642951475,2.8632417642951475,4.298089719380151,2.3071954815765134,2.2009523109838742,1.8275039055537663,1.9858056778458664,2.8632417642951475,2.9077329752772605,3.752578409766013,2.7870818980978873,3.356790073783133,2.4068856089632,1.901050515153751,1.823141955862717,2.9714937177507426,3.5213113844994375
1.9819345052932875,3.329314774492259,2.430379189376393,2.2815484348674486,2.554913956092367,2.336324475274994,4.856933329002805,3.588851331030625,2.050834579548809,1.72431314823345,3.905637611529236,2.664641888026637,3.797330889638865,2.5921367176994314,2.2046988203308406,3.9479084303956276,3.268311090694278,3.5400186979310417,3.5971035230745168,3.385580214396719,2.8622233271677953,3.3888834543740183,2.831823503485028,2.8622233271677953,2.603247705227863,3.053225942866708,3.3180280827993345,1.6793010327574505,1.6978958451210122,2.677357221466192,2.3735560896724115,2.977074285284875,1.6974342835736456,3.802707256747266,2.6108556162379593,2.4003803900763523,3.1640095610182617,2.249452290147739,2.672007699441213,4.113648233384593,4.1058735750490865,2.833674791103764,2.842539853155877,3.6115334136416846,3.0420846571026354,3.09136988327979,3.2157935864614613,3.6224917988187455,2.8622233271677953,3.9312145405274994,3.9701316119527483,3.1324970990108554,3.3108660122262705,2.9361389358235694,2.7960089513705735,2.603247705227863,2.603247705227863,3.201508994500622,4.084239280489762,1.9639324106796403,1.6668332183471481,3.456499309602269,2.603247705227863,3.579004904440239,4.277584820662233,2.4116344364186535,3.0951685595319463,3.374232270847668,3.0618826976388336,2.5376412844006566,2.8952504553760883,3.7245463132342467
2.2366202346687527,3.5221598428847765,3.308933619115522,4.339180748151288,3.9230625038963574,2.723477125560933,3.590240344197806,4.708349539298197,1.758786302919193,1.8981126829177204,4.03039606260587,2.670734157515209,4.196021789698536,2.2060185438043654,2.6076803816538434,3.9476685116419743,2.7743043429197565,3.9467212086757915,3.912928466198026,3.543875309404479,2.9759300050598956,3.267076472795549,2.9957312052540406,2.9759300050598956,2.911263066973075,2.933992194183263,2.72696163665645,2.537118637283184,2.0609849463468795,3.665850670608288,2.6356825117696383,3.3441912900759565,3.301995018951377,3.724922223923226,3.121524803296958,2.6057270627037785,3.6560166619752352,3.3741545583166612,3.725698416443336,4.2346509579469735,3.108920980499241,3.8018018274365133,2.4170450169206514,3.807185163554852,3.7184060301171646,3.6249026797988004,3.540404547201077,3.731352045120136,2.9759300050598956,3.489355478220461,3.1510874938344595,3.556427009179102,3.817842862674536,3.479835552777298,3.144153800741704,2.911263066973075,2.911263066973075,4.112782523115967,3.8789989420861,2.201472133040399,2.0732953284095954,3.6509201902744515,2.911263066973075,3.8555194963572936,3.94642509536795,3.176923430163609,3.5262435220542354,2.773073817071208,4.177567331183154,2.395740424753102,3.8467655736104867,4.223085380185364
2.581897569188945,1.4510848819337097,2.0433070819730883,1.7055765032620411,1.7134695037361443,1.7682521672112732,2.0642449667629794,1.769006186031391,4.917259479968061,4.022734382037344,1.5093713679107597,1.3465953828056405,1.2707184630592738,1.4624244595329834,1.5244872520493122,2.3397076878240055,1.450069164580303,1.53053437146847,1.3890984944255793,1.4289201134328668,1.4643119304477612,1.61549973988482,1.4977785448672614,1.4643119304477612,1.3389041252745426,1.5906278311430686,3.622700624153659,1.4150490723525677,2.7032293713008055,1.7173431686522787,2.574306396165243,2.977687803172176,1.3760426364095424,1.4314790995786018,1.785042186532908,1.4092582522470252,1.2262724745301217,1.8040366650938062,1.6604169786523157,3.476947713852079,1.3221950022515927,1.509690148927597,3.464037967396144,1.4297765245219418,1.6637809432197848,1.3998673460604956,1.3522702271317915,1.8993667902271363,1.4643119304477612,3.578402536902156,1.5265130644051705,1.599845432148753,1.614561150773274,1.5865392996563106,1.876087126265115,1.3389041252745426,1.3389041252745426,2.244305541898246,1.8122373218671688,1.4472464223684236,1.874344483896874,1.6220956685866867,1.3389041252745426,1.3738646609251752,3.7423677665146764,1.7410408366102401,1.3574060172027236,1.333774131439296,1.5051793101077218,3.9863223291094307,1.5892798767245344,1.3302726540767549
1.7726409028172743,2.026636437179773,2.741018005006653,4.860558285256619,2.3545332918356054,1.5803811040880174,1.7218524798191788,1.9048017764700633,4.018896222259295,4.984875031854463,1.625320403526103,1.7153703501614983,2.542366484993769,1.7258240125817361,2.3841188252438985,3.6068198274127528,3.5740780983638714,2.7798383089003162,1.9744861288090585,1.7530169225740344,2.6927718336914976,1.6827014413746064,2.4085661787511543,2.6927718336914976,1.9413269027363769,2.2171188496924255,3.5946882339190944,1.5468724307470216,3.4473734009996897,3.7666853242506466,2.0390264573053773,1.5812367715820546,4.6628737991451965,3.0349884968558127,3.0621496216049557,1.775453743386434,1.748189463208898,2.974566321329323,1.8069159350837327,4.513902474600783,1.4304319068269762,1.8783668929681192,2.6689345938622084,1.8237082499381838,2.5033966218990997,1.6486692919037618,1.398867391674726,1.3061790147764392,2.6927718336914976,3.6788557826386152,1.5741648646761495,3.3146016346163285,3.9589424837862075,1.6219058672749447,1.750470873121651,1.9413269027363769,1.9413269027363769,3.5602698291381616,3.4801197263645487,1.5251594039382437,3.1048129002488842,3.7199296507745663,1.9413269027363769,2.5939527124878587,3.085566474308208,3.3458867421704883,1.6645969497704276,1.6187247475154882,4.455828998339971,4.324533083591038,3.932551868723801,4.68032718464734
1.6445424697594726,3.8095427598272287,2.8158165305070186,3.098113796872924,4.114957678009771,1.961807885465028,3.909264458972922,4.033269274358788,1.4999626542916402,1.6243884260279862,4.841348507044065,2.7597958970621983,4.157853098324361,2.104835163394543,2.1174000401966495,3.7600424339029592,2.920387192109663,3.9606093977070302,4.000661628297864,3.7298164892976944,2.8718293631039487,3.4963257420589846,2.944523281781657,2.8718293631039487,3.448380940571614,2.9672619779284073,2.6058695098242417,1.8731331605895254,2.0419675105256223,3.6759159759300317,2.654605194405086,2.874753461942329,2.284304300670872,3.4617602718281963,3.108016738425452,2.7665775899578784,3.913434604463112,3.4277892109178203,3.953686200652371,3.6111635296727878,3.464907057337102,3.793342143078225,2.1995496146992046,4.034322663698793,3.510431918985888,3.5757496561298945,3.581266656074238,3.7986032871293016,2.8718293631039487,3.586051455072778,2.665674314078726,3.3511117511175024,3.7423131235558715,3.344255123917335,3.5483867727052045,3.448380940571614,3.448380940571614,3.519670450502537,3.6101373345812373,2.200495131272354,1.8453170118926039,3.3373070275228467,3.448380940571614,4.019091590419966,4.050604256592976,3.2938786311486288,3.7414179296739665,3.408766260338588,3.8741066464528915,2.01986222743668,3.85052186416538,4.080315888571207
1.831948607580317,3.6060749995579346,2.2567242157415537,2.5463266636136455,3.6105737766373593,2.753036291890855,2.662423434771051,2.6730812230037824,1.3411398854606524,1.7166544842270348,2.7583948703033805,4.7529223051422695,3.329966679279126,3.8301658739337863,2.738629504855388,3.9464082996800465,4.156063120362305,3.261217389120973,2.85803212364309,3.1077828427825622,3.9813283368030397,2.801818517052304,3.962095954509595,3.9813283368030397,4.454561190946677,3.9885522795054076,2.962377487236618,3.191806785835082,2.4209096185806938,3.4966506961713772,2.1551559983090804,2.254005738838966,3.2234408915908723,3.2364429349573203,2.673061762794438,4.316686326570929,3.4815600854397117,3.2869777184590054,2.865314246489725,3.7074758870706717,3.329450238612063,2.500851995560006,3.626210531241813,3.273300389575895,2.579467667278972,3.1576507876581843,2.1893800252084095,2.3169778139177852,3.9813283368030397,3.225905095521671,2.84870398079526,3.1610452434819147,3.6248163339391866,2.9816701088480433,3.48468697183681,4.454561190946677,4.454561190946677,1.7661151774127855,3.358098001202419,1.6519703558441114,1.5126830043474704,3.102435364531647,4.454561190946677,3.290764888594973,3.555245082101311,3.2003332052066016,3.2258728302561055,4.034146077315385,2.336678453257234,1.7802114019341388,3.427027052016281,3.5270885572514876
1.506685112295366,3.6555864805243843,2.488660988517511,4.2877063644974545,4.0906417277541145,2.230868246299889,3.7956186312730704,4.1953659520540425,1.2644179196278698,2.5003797444914455,4.154744299874455,3.3149379141578175,4.889870827531514,2.8024481001716803,1.8627334686423738,4.019562020159329,3.838450103370143,4.046126947191558,4.163679364434983,3.957524246256812,2.8546161738791858,3.646746541523349,3.2891726757284054,2.8546161738791858,3.2735860548772484,2.793153713676088,1.91419768302281,1.5994755527339313,1.5799628923975562,3.783614168193403,1.5195744653939944,2.7046585797564497,3.9625569818629343,3.9374759625495503,3.105767072863588,2.76257764219606,4.036421626548837,3.1423503881130648,3.874496716857254,4.115950799339949,1.8119932739150189,3.9934848130817855,2.0630218808606955,3.979537698926465,3.7292648259302705,4.0668784761285925,4.15989302381041,3.150936456807063,2.8546161738791858,3.9002009203771095,3.6983747846374175,3.3312776375336335,4.028479493236626,3.9140858511702143,2.7344888804072434,3.2735860548772484,3.2735860548772484,3.9598370120127777,3.8546583938072283,1.7412540770813827,1.4631845560438794,3.840640702203538,3.2735860548772484,3.975266761553999,4.167148500573095,3.1880300765814003,3.635324797873342,3.0796219531994775,4.244480561867235,1.754589138697628,3.6560544584984696,4.05159904332689
1.8560660476649522,3.0438369524269806,1.693001470564429,2.0572748377425873,3.095413241293436,2.0624610111828185,2.5892287778290166,2.2122751527618116,1.4589115854998012,1.7321993009790795,2.108195483308269,3.8257646395901266,2.8252172062584293,4.714394305143616,1.6994806463334604,3.475289562966995,3.7457538373077064,3.0308528597835593,2.7764460193515994,2.5980896613088387,4.068152274469023,2.9495349247510894,4.022760898397455,4.068152274469023,3.9481969826013366,3.976019337547572,2.9121365965490296,2.499786607809881,2.3031696908940793,3.2287032409079934,1.858111155828248,2.135543369583827,1.624535688540654,3.00589722390183,2.1916178144456513,3.7987737758153335,2.427057549756858,2.7701496022707603,1.9770210937670698,3.2509849090975305,3.7679823979734333,1.9824293489813378,3.660425883938376,2.54699987178417,2.147106497101176,2.5345948911230094,1.9007279049801897,1.8456828760196573,4.068152274469023,2.866015838557736,2.5423885905436876,3.188439909569722,3.732201870813224,2.5922411063483333,3.028033702848094,3.9481969826013366,3.9481969826013366,2.1690275207455016,3.5615058627894998,2.1423202747157633,1.4561609427234952,2.5108826000323816,3.9481969826013366,3.097500100302469,3.335746675105238,2.657320439268754,2.568727181496314,3.7954408015538883,2.512867909035189,2.02353250556655,3.2019079655792453,3.371713901653897
1.6306789263504426,2.6365767787534082,3.709399525300265,1.992065784711296,2.051293065848533,2.0633067286154922,2.2086773501289745,2.619695864414701,1.52299213501024,2.388331329469298,2.1281676692768707,2.7526651246861205,1.8889468216878273,1.705237379725677,4.76075737935193,3.514579917998736,2.425870486881502,2.275408854816388,2.372514953068065,1.8917170412825806,2.024140239457987,2.318078964259026,2.230291449936175,2.024140239457987,2.614756572896499,1.914557142464063,3.585819311677693,2.280719611589487,2.342766059582747,2.3452047131842377,2.643774941541643,1.912473400765225,1.4307356860877092,1.9827029297913197,3.3888548854982115,2.194025745905458,1.7360014674279294,2.2857169229753453,2.777288230005161,3.8728199417435856,2.0012615647901266,1.7055740688760817,2.240940771951618,2.5989402072496346,2.029666019849031,1.6562305240957171,1.8046211529897,1.8014360339189819,2.024140239457987,2.2147926744819664,1.8395581109328454,2.222006676597428,1.944403166371239,1.818350752498341,2.9401664290378746,2.614756572896499,2.614756572896499,3.5853726907314734,2.767697798088773,2.145262748118511,1.4443000051994526,2.283545488801572,2.614756572896499,2.257141719464329,2.8678317674673943,1.880231912682692,2.620066736780881,1.716467918307923,1.804165849430754,1.8853149157619011,1.8510054886986596,3.092268013797435
2.821161098045908,4.051688285717356,2.8619728419715655,4.251312824775841,4.330755929335785,3.208823166111843,3.9425172827887085,3.9449188879879444,2.3048562436223508,3.5845241918153663,3.746370248613861,3.9433858720892934,4.019954829944663,3.4738159873606014,3.4863829286892996,4.877321144547395,3.893759289828622,3.9699039565101684,3.9605627015741995,4.165361023284806,3.7202155018227865,3.7912358986572414,3.7536032119705953,3.7202155018227865,3.9784901776031285,3.936787648998152,4.001578380522847,3.167375006234368,4.20736273105533,3.8605676397676367,3.4545197841931925,4.121185996289369,4.174515458137169,4.053070486295078,3.8426121190729603,3.892863430167194,4.117783044454625,3.7800274579368107,3.7009780555681946,4.292941976726832,4.417299443558505,4.110154562630091,3.7978644634360523,4.082099832147635,4.032055926648667,4.152161594583849,3.6329940171030635,3.9613655651131094,3.7202155018227865,4.215848833405364,4.136526599848123,3.7805222679161736,4.356012652491583,4.086703972011386,2.9588572762905785,3.9784901776031285,3.9784901776031285,4.392251851871043,4.08939747943835,3.6175682923213657,4.39328194483506,4.131705036750704,3.9784901776031285,4.289331231975561,4.35213932498446,4.027568560715091,3.5850326851571523,4.158840199387612,4.32627129798707,3.9141037925448083,4.0199541405393,4.333461497625062
2.236697917372223,3.425489187630161,3.428890070958534,3.9883797499228995,3.853471613903361,2.143323891166844,3.280251360686729,2.787339440329516,1.4437837048433084,3.564809839233506,2.934834902568411,4.162733421792238,3.854432732094604,3.7583640349400778,2.427877982991088,3.9024046294540167,4.9232429641563815,3.5863021911990183,3.4960065006222147,3.3671987899863587,4.129391291232524,2.9060521183035597,3.9550616994024175,4.129391291232524,4.190409115541548,4.041734569238713,3.86426500215287,1.8686237794390286,2.3856755585553726,3.861202937751113,1.808214914280461,3.401183954463776,4.808131477385151,3.8639260509622253,3.5261477583093424,4.188037970291693,3.392422970872628,3.5530403032875877,2.3252082505134375,4.469705565146815,4.270634155337991,3.814416204635763,3.6669606956673246,3.5998157961325346,3.2292006594367972,3.7637544447633857,2.2445190181956205,2.857627484103969,4.129391291232524,4.030787369444084,3.7568693073835076,3.7526381929603803,3.786113646616476,3.659746151185081,2.932685566301929,4.190409115541548,4.190409115541548,3.1434995791111113,3.9938130134338063,1.7867779608786696,1.6346512105444586,3.89696911921499,4.190409115541548,3.739343630928947,4.350932109719587,3.859306834875209,3.0765587908141017,4.436400719042192,4.398547080567979,2.901746569041367,4.0841517765433135,4.473270860625044
1.9544353159499694,4.063433800673252,2.9366883765939606,4.249430142382802,4.125389896051695,3.855267930894887,3.5486131539567576,3.9572165266576453,1.5284164729995564,2.771719592433077,3.964502815970875,3.2656495320770036,4.053318137863508,3.039297136824198,2.269071543819701,3.977255707180033,3.591057107018153,4.887785454783192,3.905786260103569,3.894569307166642,3.3810319363797907,3.954266384981256,3.539416853297117,3.3810319363797907,3.215027117463722,3.452564812025008,3.5300754954416624,2.690977210025623,3.423008045209171,4.129055331112212,2.5878991364448685,3.4510923108776645,4.465322916537627,3.9805124002222696,3.5364077744619813,2.9281642112473865,4.182174014732853,3.8566399418921913,3.662808372551087,4.168019546696893,3.5494707094498343,4.216078049157254,2.232388392122828,4.017108478646039,4.207182542698595,3.7309478266257834,3.611682913390809,2.851188427232622,3.3810319363797907,3.698608101793146,3.0249983048168376,3.7840665423255704,4.4494259322628835,3.4311166362853713,3.546635076542422,3.215027117463722,3.215027117463722,4.281465713504538,4.0570845229705,2.287362778251093,1.73061885627845,3.9559470223882602,3.215027117463722,4.185090860715725,3.646965560000325,3.5597987413481427,3.791047966527152,3.726933683806092,4.140798918055654,2.77525864915283,3.8274239348683237,4.2499767954557095
2.0561932905958042,3.5516220213024967,2.9590000595251746,4.227376062385368,3.9124696887520023,2.99838365323109,3.5900502304733966,3.9070182149170347,1.3848356711731695,1.9693969226581056,3.9943776746801385,2.85495974828608,4.16556899693496,2.7768978770899837,2.3627919233332135,3.958990986846975,3.4808216049830776,3.8896871051278374,4.769012249451677,3.366143286697341,3.288602093584106,3.3039028898835765,3.155361750484643,3.288602093584106,3.1853924255162154,3.242652856001474,3.2889180265086155,2.222456939053739,3.098955085640797,3.686168947413007,2.6663411907481143,3.535858072120533,4.512407445449453,3.600369550180019,2.901144665831107,2.755722842506009,3.7397564617353023,3.524951982494276,3.82973190291537,3.9891068186212886,3.030353406632165,3.9408360313549493,2.3475239207965712,3.725914571155417,3.9911652156191777,3.5834395707116045,3.910010231088586,3.1193859103006876,3.288602093584106,3.2047400948415783,3.3758694886855514,3.6489248682823234,4.03606934592511,3.514426588153876,3.0391393605905637,3.1853924255162154,3.1853924255162154,3.9360777407849366,3.8933879623851553,2.0277763898725705,1.9629909345872538,3.6167533520757917,3.1853924255162154,3.5406073003000125,3.768645972980445,3.657480887336951,3.416025710754311,3.6045287277590727,4.3681602072643955,2.6592223642277673,3.8812498248134273,4.2525019470403445
1.6847562804016372,3.9547738968722004,2.338349648900823,3.8564767749898965,3.6927908352379832,2.4696139002853035,3.3901478016564504,3.5472517299960424,1.4299136446951757,1.7596765032481807,3.729061832908597,3.1079635716215024,3.956810312115941,2.5997355457159026,1.8889794157063962,4.169075607768775,3.3622225458310444,3.885713920508255,3.377151476756863,4.896210054798754,3.287499415982208,3.302801883851896,3.462499922096398,3.287499415982208,3.6145430884084546,3.058835260058311,3.304645459287479,1.9591408362637903,1.71091855292261,3.523675543230474,2.0449135138300982,3.711307499449256,4.759558790153683,3.663868955862652,3.342203937268139,3.333151697689619,4.337803504484578,3.3142749807631904,3.3887285119051347,4.37507883944873,2.697263016478282,3.8013043623882004,2.4387578598775197,3.6640199910328777,3.8646910928109874,3.771635522940325,3.3555858889130357,2.900331830157668,3.287499415982208,3.7251319680107042,3.535331502946654,3.524049822038177,4.066320662650236,3.6701799021952395,3.259201964025296,3.6145430884084546,3.6145430884084546,4.159671048619945,4.137867239462269,1.9623997428225048,1.4528074360910912,3.7264468596725147,3.6145430884084546,4.07467195395026,3.9094612125208386,3.90736498683221,3.1847684414859905,4.118989482928681,4.509652408590349,1.7655718386505461,3.9326551001471852,4.125164882747711
2.021612265581803,3.4667509823214964,2.2848897365748693,3.3047833654223306,3.6733518023593974,3.309102240510594,2.8605993789562767,2.977448014097833,1.4582516595709096,2.683255892442861,2.8675356173967694,3.979224310084991,2.873508653749451,4.068706108628331,2.017078283278356,3.7186250337229487,4.123537413865936,3.3678880948884413,3.2912019631017104,3.2834337430261464,4.745325997053288,3.320975620757014,4.184665172287855,4.432199490656215,3.9797831962173555,4.1085453557520095,3.51083864449373,2.4522760970435025,2.47635209635746,3.8493655907012485,1.6301413984536217,2.6165861651447684,3.2738077877576366,3.6098551891269945,3.089041577020837,3.923133372610094,2.9701019263331254,3.5489997384560166,2.0092000747217402,4.225321777279742,4.263826818594915,2.9944671528935807,4.016108695014625,3.1181622417103165,2.7089401936047226,3.1027400601316586,2.5591008415284264,2.4006242164263316,4.432199490656215,3.4370033905630004,3.1227093409698536,3.564861316217324,3.996211618906849,2.8917613653534855,3.0784012391749007,3.9797831962173555,3.9797831962173555,3.449831739338587,3.8956178963607586,2.2551272670509377,1.7300600962515262,3.613011454547865,3.9797831962173555,3.385485145198057,3.814098133847242,3.9280995297979056,3.1011534074572253,4.093849283938716,3.710839321187998,2.2642610144578716,4.217311721617106,4.2591856399967085
1.9767044252471582,3.4842351908355598,2.5937828489735644,4.050612990440099,3.9949326565540515,3.2695134435875666,3.39020244341809,3.267270504303575,1.6154602337675295,1.69156807633159,3.4930906573357876,2.80647509750797,3.656564529327653,2.954959251855661,2.3132889167894897,3.7951591560830154,2.8984333783403575,3.9407544772710383,3.3102132746815607,3.3001730457448364,3.325525798437532,4.766202923018338,3.515681510710116,3.325525798437532,3.096799185429099,3.176535468762183,3.227227501981968,2.414954993617393,2.5529211870242374,3.5741254796106254,2.654299656314942,2.812272154166556,3.6398366451197353,3.329938705158046,3.4529959507132975,2.5254200287977095,3.392253458766487,3.426347413144684,3.1565262425031637,3.8500044841311025,3.0588599372744962,3.0801511064799474,2.517227790243427,3.3816219442229816,3.78691409840836,2.7836034182108533,3.1469133080209786,2.711948778267744,3.325525798437532,3.0858160489140376,3.1249023994105745,3.5502813997468126,3.811586310667457,2.938653406677991,2.8650781451824345,3.096799185429099,3.096799185429099,4.084695018067748,3.6392697374588265,2.4026431241066177,1.6615972579274019,3.181222150229444,3.096799185429099,3.37253713911604,3.567467211072628,3.647416189911347,3.155747232237916,2.9212750818012623,3.7941120898615077,2.3558830147798107,3.9978304875472768,4.117132584743215
1.998106345563171,3.517001367602589,2.158014794688829,3.6578078264213936,3.996037777522915,3.108168451560525,2.8310642136076436,2.9976608551699537,1.4921925882051035,2.4063578895910265,2.9441190872368903,3.9604666704365266,3.304704153807625,4.023801408017947,2.222214330670891,3.7540891973119788,3.9467370593244704,3.52597024655021,3.160513102992489,3.457620138496159,4.183824033694849,3.512136094458254,4.646052401771244,4.183824033694849,3.9455937564933974,4.055161926763824,3.4480824087520094,2.542533508152232,2.2754919083219938,3.8484950662882023,1.8034830754638298,2.7267871254464753,2.9222602697526656,3.555311988148089,3.8245576641518966,3.883114345302851,3.081224393226316,3.5694250682574795,2.4580138924433985,4.176319262849857,4.01706011582347,2.9475702265608184,3.9667962673752277,3.2569466525776978,3.050010919249141,3.1294454386039607,2.7177801011148888,2.678352661929735,4.183824033694849,3.507974128658036,2.9277591706660058,3.6054769972142413,3.8725872487624793,2.9735086026385757,2.996668410015098,3.9455937564933974,3.9455937564933974,3.5958080728713417,3.882283946954475,2.463015183692906,1.7920983309545195,3.62472005758832,3.9455937564933974,3.4241244765226098,3.728648045836982,3.874297889125706,3.198072054737952,3.974094984987823,3.506637037936019,2.347819836591596,4.172830019311965,4.157922911748933
2.021612265581803,3.4667509823214964,2.2848897365748693,3.3047833654223306,3.6733518023593974,3.309102240510594,2.8605993789562767,2.977448014097833,1.4582516595709096,2.683255892442861,2.8675356173967694,3.979224310084991,2.873508653749451,4.068706108628331,2.017078283278356,3.7186250337229487,4.123537413865936,3.3678880948884413,3.2912019631017104,3.2834337430261464,4.432199490656215,3.320975620757014,4.184665172287855,4.745325997053288,3.9797831962173555,4.1085453557520095,3.51083864449373,2.4522760970435025,2.47635209635746,3.8493655907012485,1.6301413984536217,2.6165861651447684,3.2738077877576366,3.6098551891269945,3.089041577020837,3.923133372610094,2.9701019263331254,3.5489997384560166,2.0092000747217402,4.225321777279742,4.263826818594915,2.9944671528935807,4.016108695014625,3.1181622417103165,2.7089401936047226,3.1027400601316586,2.5591008415284264,2.4006242164263316,4.432199490656215,3.4370033905630004,3.1227093409698536,3.564861316217324,3.996211618906849,2.8917613653534855,3.0784012391749007,3.9797831962173555,3.9797831962173555,3.449831739338587,3.8956178963607586,2.2551272670509377,1.7300600962515262,3.613011454547865,3.9797831962173555,3.385485145198057,3.814098133847242,3.9280995297979056,3.1011534074572253,4.093849283938716,3.710839321187998,2.2642610144578716,4.217311721617106,4.2591856399967085
1.7363566626436524,3.6244980865767653,2.2954334766579594,2.417628037265339,3.8299711513144032,2.874872856690465,2.6038839507180986,2.91798194610696,1.333179186399258,1.9411014629248369,3.44977043181551,4.457602668278851,3.2927364237637535,3.952220589842402,2.606374909957584,3.982404054086156,4.187392165930772,3.213875624222845,3.1946108999369467,3.616008727956512,3.9844760351374378,3.0985262829517803,3.94929339342188,3.9844760351374378,4.801922179636129,4.016569451822526,3.13591047804107,2.569206913139618,2.007108657859288,3.6100360667320053,1.7614840736815867,2.5972013322392273,3.482838350196497,3.60900467733349,3.140821556315022,4.354970540290022,3.629095359260341,3.2397173026042925,2.531427254523634,3.9000951694365122,3.5867897070009693,2.482026085300956,3.9170151594341984,3.344115578988925,2.6524314014271093,3.4854441901239137,2.263734895081519,2.4836320345895593,3.9844760351374378,3.43869899464148,2.969415876493274,3.2688834429214397,4.024576689202156,2.9905534333525514,3.1712402149330066,4.561569470928762,4.561569470928762,1.9586484657841416,3.672734537595292,1.5643586985127118,1.5007255606314316,3.777569215271231,4.561569470928762,3.4086146763291394,3.738707705287326,3.7911645317248395,2.6824220318901224,3.9995884876413186,2.404254735100216,1.918131359200373,3.926279596326091,3.6744315504238614
1.9994504878817163,3.7554389461476214,1.9276193102609147,3.0224016901418596,3.661949500351027,2.71410056477041,3.0611490025525616,2.9443816955689113,1.5878818267018504,2.2172829391102518,2.9745434588873634,3.987996762044023,2.827880983017148,3.9778823037651803,1.9135365514077451,3.938398742214145,4.035864317296844,3.4453466981942906,3.2515920058672254,3.0651592816826456,4.108199505782563,3.1799000630903396,4.055398034013699,4.108199505782563,4.0148912172921865,4.692545142111888,3.471463634976087,2.262663546497208,2.921027552269236,3.8060717667593824,2.0745769358703274,2.454445480690265,2.7535215849660672,3.7015425424144968,2.900945566412544,3.9969367304344736,2.8704792372387153,3.3494508139197903,2.896540491774187,4.2206709603760615,3.8683782796228963,2.8114505997640364,3.858630082392046,3.4177467397170336,2.893965604723919,2.9908782561803537,2.659763056612046,2.1741158229536306,4.108199505782563,3.1137915573249213,2.8424352692112427,3.6004941248913185,3.9459909163065823,2.7166561331532364,2.646018347258111,4.0148912172921865,4.0148912172921865,3.0495122182793537,3.923924111411405,2.282602209020599,2.230816568506756,3.5807498595088356,4.0148912172921865,3.54142690596005,3.755060749344174,3.3973302889681563,2.7275362926972617,4.023636033281431,3.676844507760004,2.271453304235006,3.8553590214896305,4.2454830014342715
2.203834755256845,3.928899456116092,3.5046021964221588,2.7889097637089924,3.441253097903625,2.1915019880184525,3.3225894570159573,2.73861793447027,3.6076203197721455,3.581826722391916,2.612913994909687,2.968935597103036,1.9419783611128025,2.922527081701578,3.5837412381630003,4.003594679799464,3.857082255260141,3.5266642222143685,3.295957330572752,3.3086340841260755,3.516290809342334,3.2320268998284285,3.452142968902228,3.516290809342334,3.1378609998719433,3.470295036235762,4.831777458450866,1.5305412380437946,4.064885085639814,3.7506617039997026,2.8015274446089173,3.6002150947134783,2.9660357152168757,3.6089562264448336,3.902589788671748,2.968852210711564,1.9334318106097494,3.6507501810120546,2.1541050088984157,4.246339897079532,2.5334644104791124,1.710285833131547,3.603704077552688,3.0314269862492687,3.1177183302788,2.2493651193923414,2.0046490864833375,2.089582606358906,3.516290809342334,4.004370948438106,3.039600976979071,3.507428260995622,4.075406487683541,2.62243995610952,3.434840287902148,3.1378609998719433,3.1378609998719433,4.236158362371036,4.263234100499992,1.670874063204177,3.336115874706369,4.055905392974317,3.1378609998719433,3.0777906605404364,4.099672762860195,3.81322256254911,1.7765250849740293,2.342657250326015,4.087768400641453,3.281202172456532,3.8830842013832396,4.160326959110518
1.6217202950242302,3.7921105439429663,1.6099126996500805,2.4031610472353764,2.11810794110446,1.9585889064056028,1.6819070731194505,2.550654477474011,1.413715773626288,1.5586385613614524,1.8862296219016266,3.201603411451836,1.6224982410173334,2.5138652456065462,2.281723704101961,3.1998834475823,1.8726382282647251,2.7018921486927203,2.2278437239339777,1.9637048393077905,2.4634726032247176,2.423851606378049,2.5551560772977617,2.4634726032247176,2.5799827836686657,2.2641016877070608,1.5312063917859424,4.834093570518944,2.753843572144816,1.9500407901286367,2.561755665226036,1.7758773735431328,1.5557334461459105,2.5408629649706596,1.8165720308710964,3.016423012769562,3.381959588928595,2.080378426418145,2.1815264320080416,3.1394054197657106,2.306570738390758,1.499403365687295,1.7066240499972387,2.4958276822821253,2.0302516440514924,1.6454478803849095,1.5981902026825523,1.5105043019313649,2.4634726032247176,1.7588679288905027,1.4685878716887775,2.9538659527373357,2.139025680572014,1.9554945559538761,2.9999855846733023,2.5799827836686657,2.5799827836686657,1.7788160646244258,2.544390493241324,1.8225161943815293,1.52222321398266,1.768433716392306,2.5799827836686657,2.0469308946357,1.7625938627964137,1.7069741391527575,2.1858471014369374,1.4971446133285626,2.0766033557334196,1.6522078005454521,1.7031126932798637,3.2890238359510753
3.3591723911755462,3.664391918630886,1.6084404268061985,4.425152224683409,2.8838707830610026,2.3173069014441556,1.7077322987479837,2.081771564617809,2.6958385884725455,3.432253242360444,2.062309436762855,2.441804000860567,1.607848116846757,2.32037330659804,2.3447129958786013,4.2164965374812375,2.3867518433692028,3.418056298880159,3.1161623461474237,1.7195379737541385,2.4920276764889886,2.564548010140393,2.292224265508538,2.4920276764889886,2.0201889913157505,2.9229108443557648,4.064551451873628,2.7558728386641977,4.904684699328023,3.8344854845449308,3.970422695177012,3.81315948475465,2.434826845663075,2.8391680828944996,1.9559514771751365,1.972211604219349,2.040132356120143,3.181590311568139,3.1098906176974364,4.3945188571622005,3.2818835394409627,1.4746538390463577,2.655441350311875,1.837826236038138,3.6478812466478088,2.2775965125427473,2.2320090189135864,2.1376504784759565,2.4920276764889886,2.613908847721369,2.3075869666002964,3.785265221834272,4.130136428471943,2.3465549833338435,2.3214477289655573,2.0201889913157505,2.0201889913157505,3.969430928886938,4.166956828697096,2.185234924143135,4.119265071691518,2.5528581422336436,2.0201889913157505,3.764780976684966,3.4348203726465494,3.1330235740591377,1.939594649252179,1.5829354834464402,4.577047214465709,3.7859738760419797,3.5275092570769306,4.554581354397291
2.461443976924672,3.9552511773291825,3.3536261930403217,4.2978517526427495,3.9990841140994258,3.474994147031457,2.679869843953727,3.673071004719713,1.717801788832439,3.7592617330001272,3.6779071983375515,3.501158634789366,3.787504883175496,3.239319085848263,2.3424149330698816,3.869932482281252,3.8601954279339488,4.125237034067137,3.70075557345266,3.5288054286353088,3.8600972864277536,3.5837895404609705,3.859513975613405,3.8600972864277536,3.6104307990186797,3.809531755731925,3.7515306868611265,1.9482771610851843,3.8380084341645295,4.9498141388008134,2.144502845695825,3.369942741901219,4.803408404834492,3.7467397204199697,3.3073124574320807,3.3707038649855265,4.010776276976497,4.592392012482805,3.648920156081272,4.089478813306731,3.0296224979242417,3.9349867406746686,2.2066586396209993,3.734007951635053,4.063237022434678,3.5592092554034744,3.5060930354824964,2.778787745442267,3.8600972864277536,3.583122372008569,2.8330524574797833,3.5317016296619617,4.327866890017957,3.350345776140079,2.8770539083669853,3.6104307990186797,3.6104307990186797,4.187641454646357,3.9606206405209208,2.304445872213802,1.7732329719927626,3.708438447361811,3.6104307990186797,3.812996368696344,3.1663585790936115,3.9919288190147433,3.4756828335125287,3.6756567299842025,4.1549411851927,3.0987696483219,4.306096340319164,4.3288417063907385
2.4679174876302827,2.0764013120082967,1.855684066551191,4.028844450734227,1.9712161746404924,2.3327679643451997,2.3883446455322352,2.655850203673909,2.576539826909596,2.0578303303434895,2.6714646382633704,2.1791312976678316,1.5379467032394856,1.873000010776691,2.652147022204543,3.4670265223787613,1.8178986830424186,2.6121479713609648,2.6827964030948825,2.06737630744505,1.6418541040762786,2.668021589464309,1.8175135074272641,1.6418541040762786,1.7757563662059337,2.081625419893594,2.8098752330801267,2.570027069903605,3.9674553097243224,2.1549257917403697,4.909577299277545,3.2805706681770808,1.627440644627494,2.371511857487722,2.3971322026370423,1.6866910254354837,1.7903506446643533,1.939705408916677,2.4354365776356035,4.173630797866598,3.0924581306526204,1.5325233878201232,2.4469962958036158,2.803055423524578,3.078229781638587,1.6450629911250516,2.7643890429432014,2.910532479294813,1.6418541040762786,2.6832988243528386,2.1180479048858305,3.3867850566336637,1.9365533674328232,2.2509175883123964,2.8450698342526244,1.7757563662059337,1.7757563662059337,4.2180506758010505,3.3865026913260317,1.9578501319472665,4.250573435540982,3.065646742859617,1.7757563662059337,2.1601768723577264,3.0433248814306606,1.9246396303605644,2.5359232551268116,1.3257654846150952,2.408222430823829,3.8051093956195077,1.8786498961420817,1.6578536567088826
2.831287504486229,3.166801632924304,2.0303782579256784,3.787253608718066,3.872549775677114,2.8655832246934434,2.972885547921048,3.329944644343114,2.9571759905376127,1.5925235986554869,2.873582391812093,2.256603013984532,2.731635370958738,2.1430157118895563,1.919519843938592,4.119545329387407,3.377841975699427,3.4311724465157933,3.5259317310400964,3.6849076862441965,2.617408884920488,2.8123731636606344,2.724956725250541,2.617408884920488,2.592521127466525,2.446634901576402,3.5833230561669156,1.7826776075701014,3.7995677515746866,3.3511924131648483,3.263963060170635,4.865081165496944,2.1331650023836244,3.418222309304233,2.9357086811296895,2.195790876849514,3.831888187268819,2.8819772640433046,3.283050464204968,4.454136470547663,3.525639439087065,3.6971283695148016,3.1787633983692283,3.9833004125864244,3.0872044134650327,3.990040586457077,3.2366208414261965,3.141462249848204,2.617408884920488,3.8796045627262483,3.529224027308266,3.9621873784803254,3.8655400350707954,3.5769295844961992,3.0745926691395447,2.592521127466525,2.592521127466525,3.9708477169857797,3.9766250962826386,1.7079854050028236,2.695660997650326,4.0042475841325755,2.592521127466525,4.284530515594428,3.6592614509516115,3.457685194749268,3.096705678984122,2.3156512470358477,4.2388342789047195,3.33812518742881,3.7362069423279536,3.964948197992914
1.1831382822351018,4.776551978642001,2.2052394062170366,4.889519351222135,4.72009848146266,2.131172213066587,1.6954910605822322,3.321124335517413,1.3680435833490723,4.659972483054533,2.292981825349115,3.241025444582877,3.9961550032663116,1.6254291552634834,1.4258838413923365,4.194562445951231,4.804816327587746,4.465540702494522,4.517635720456987,4.760487239788649,3.2884423359154726,3.6514756167451212,2.936698364606265,3.2884423359154726,3.4884397523461965,2.751977758479146,2.9674253636021675,1.5521945680791225,2.425384475358339,4.802033188603819,1.6214036329298092,2.1334193266972505,4.9999919133113355,4.489123413001876,2.795590857115493,2.5058713055805795,4.773859218504003,4.748509363248507,4.084277399099834,4.635515317972485,1.440533402875745,3.22605706504333,1.5579312582142875,4.413490412127592,4.3122254556421415,2.4199651809488656,1.8272765897410386,1.6481426880101264,3.2884423359154726,4.142572942651112,1.9502076507264157,4.359031950427758,4.936802602995,3.7782597517297827,3.601582727899191,3.4884397523461965,3.4884397523461965,3.6107135845330447,4.650943717903976,1.3957554313527927,1.7222675061884614,3.9620168672463674,3.4884397523461965,4.875415559660704,3.388788148838178,4.893007991757903,2.13110741950086,3.0435008250985147,4.979398405444496,2.456793818760109,4.921748093888603,4.90158118232252
1.824654599505367,3.450914354577365,3.42623845992164,4.260340197951214,3.468421060822938,1.7559226990722745,3.79760247128461,3.7184812101937266,1.4297502794849895,3.0123533504219266,3.4534814954043482,3.2276343157391314,3.9317997422638884,3.003163035191167,1.9778170129243926,4.051478359561856,3.8506190154156834,3.9715742187372154,3.5982483027503975,3.649498085058022,3.605256430711595,3.32034187194538,3.5489876442737134,3.605256430711595,3.599926052466644,3.692439171376482,3.5989027378596665,2.5256491379556207,2.821933655218393,3.731177331343162,2.3511645906993746,3.4209480202951026,4.486784293486434,4.764940611959556,2.9017137065784224,3.2381181563239427,3.550030933946685,3.516038679205437,3.292147505725252,4.299623983976706,4.082382678696117,3.4372628565433643,2.7857693341215226,4.210619550164843,3.5504589187400564,3.7125663944691913,2.6544271837525857,3.5551030220922595,3.605256430711595,4.049117184853318,3.625297393208739,3.7081576416531985,4.083108473888419,3.421048500404751,2.4523521373526793,3.599926052466644,3.599926052466644,3.4241638359714828,4.199434796964783,2.40378361719279,3.324970983532216,3.9670407130722465,3.599926052466644,3.9393223498092436,3.776516955387512,3.7506761767884775,2.9417868425004934,4.141616780544189,4.441811182710328,3.3997271512645284,3.95983178575408,4.24814443645889
1.9237367066021624,3.9681112667985543,3.370051476966577,3.8916009854617077,4.006774260775261,2.297534125251457,2.6109562780521616,3.126083861636218,1.7784397437030766,3.0534357097810494,3.105756050386035,2.675302233821191,3.12571108726049,2.1920060707775377,3.384381138454657,3.8474351920760657,3.5116033762227765,3.5206310405353376,2.905554247569661,3.3373842820545683,3.0929057832947544,3.4529513660309763,3.8265246314754324,3.0929057832947544,3.1371849002970276,2.8937096135046927,3.900733282637594,1.809114535326573,1.941623601897159,3.2986161494888346,2.380863536434677,2.944344583656668,2.7857314849097503,2.9099470526418725,4.822344912366063,2.492964329331669,2.6905477079343507,3.0488765848194435,3.312436767705377,3.9310109864504286,2.258994156946843,2.5110548101566255,3.5973493215540335,3.017157796938539,3.1113070713094673,2.6685243598907804,2.4013575298321115,2.6774365540054235,3.0929057832947544,3.788312759066546,3.212106106442734,3.0154539897838974,3.158174644853177,2.5400988208972435,2.8349060868102565,3.1371849002970276,3.1371849002970276,3.4757017521221734,3.601624569396817,2.112391939125101,1.7249941063215832,3.599928195252725,3.1371849002970276,2.7371961714517585,4.113167078250228,2.7310335848865064,3.2531819459109848,2.600282763469038,2.1646733329500134,2.740354217270255,3.063012152800373,2.6816882734051997
1.7303135635740516,3.469844820660636,1.8868531357540754,2.1188265751749036,3.6280517002699284,2.7818807147823392,2.40178346782628,2.611285379383096,1.405590710453518,1.780398415659205,2.768747872647042,4.318272768611502,2.7906114398480018,3.803977897133643,2.1875663339876033,3.8981406783145474,4.181714681057369,2.9292701720695935,2.7590009677940746,3.3342564716640424,3.9263555217733535,2.5227983771287383,3.8852065357450924,3.9263555217733535,4.353516839625954,3.9978188844818563,2.9661736112893613,3.0083654054377886,1.9601666423210955,3.3691674714940416,1.6748580546142156,2.195770394779266,2.500950497904121,3.249961865214755,2.4959301323784864,4.780858726031263,3.6800371042729925,2.864741903946572,2.6733711393224953,3.567480069634877,2.9927059778584866,2.2633478390544193,3.6841068956292857,3.129022830371248,2.3266832954433556,3.122874064134744,2.1344646264151277,1.9299160320849134,3.9263555217733535,2.9735818501115987,2.6637560398133084,2.962129666793825,3.763839940867343,2.8526590881871297,3.3222097784076667,4.353516839625954,4.353516839625954,1.7711084833528663,3.416688647098839,1.5075231620932334,1.4923729872868576,3.387226391790275,4.353516839625954,3.179216415216051,3.365692622146671,3.102757785988713,2.666524140402299,3.9273219784891245,2.4714893341505224,1.7797650871495243,3.3750467655185994,3.398726419164846
1.4571586163737185,4.234497461290994,2.1597311592942834,4.425188694476857,4.3054954966686045,3.066221166250165,3.161553193796361,3.648797783232612,1.2256186236926387,1.7503381227288237,3.9083701148552112,3.4775565371035513,4.032099749695873,2.4321143454881176,1.73413626647944,4.117713968129513,3.3754967066487453,4.1668860056530255,3.7411740085988354,4.330573592935938,2.9726894161563258,3.387190005722738,3.0824811498823292,2.9726894161563258,3.621805843603002,2.8621312898768387,1.9274943716560031,3.369651959891163,2.024168933959937,3.9927224108519552,1.7796996239894534,3.844236733519499,4.773201370965751,3.5531422991895725,2.6917745571700387,3.6756699687404133,4.897504486129551,4.011807010192735,3.6589565058005045,4.733150203954981,2.113056298332891,4.206756533905989,1.5951340524767033,3.6489500223590063,4.351326185438843,3.972787844528158,3.5178526607911835,2.8511719417942776,2.9726894161563258,3.2579070876228187,3.3111361570164384,3.4674758465616247,4.484432663747438,3.6198473169994916,3.56114582639813,3.621805843603002,3.621805843603002,3.796262656114961,4.091696729627749,1.628800860980011,1.4681052916374417,3.497804119298638,3.621805843603002,4.291938107390499,2.8348208502046335,4.304264967866599,3.259114363636111,3.641972768011956,4.770124721575778,1.3292292031657167,4.148899512814392,4.475972020677896
3.01889939264096,3.949687067404046,2.6667162745899433,4.25917319884737,3.7812564638414488,3.3842879459589885,2.2479587399529377,3.3764101591603373,1.803783001118068,2.9574144805121296,3.4233932974787464,3.285814446123875,3.1573694082450667,2.771910213924708,2.2800899651117437,3.7866265699541235,3.541612701952133,3.8442631643332117,3.5352644797429926,3.3137329389317705,3.5531103985388577,3.428869751481736,3.5744257348321553,3.5531103985388577,3.2339760334271475,3.3455506042041754,3.6483607080596463,2.075233994687089,3.1748302877615284,4.589433825171806,1.9307058294569412,2.887316412123538,4.746214883432581,3.5283321635866622,3.048226349184048,2.860015442507645,4.022013335816494,4.927952270449456,3.313780471600505,4.126820090020964,2.8508769949163004,3.66753334638456,2.007876460361725,3.4367587933245494,4.066204157006585,3.195810807433828,3.1115165144784354,2.1198126485141078,3.5531103985388577,3.050943967624337,2.6421047120012755,3.1231600142390397,4.042661939353223,2.937333648674039,2.4244295648602696,3.2339760334271475,3.2339760334271475,4.112218327215203,3.8848131798630168,2.1528179720797156,1.7576316226963393,3.517463025216605,3.2339760334271475,3.8090560622506104,2.8433008647736515,4.196673834063876,3.120242833927717,3.351073407169971,4.0708014721631915,2.5603694465669804,3.9276595354690134,4.220100180991642
2.6354478993111226,3.6226515649177746,2.9313282718434035,4.0649806513771605,3.5134811767175735,2.965209106437177,2.667694718379012,3.722404762691218,1.6607388817225979,1.8121650342621405,3.9466257412512005,2.8628785924385536,3.870281794007979,1.9787082441852244,2.767554054177687,3.7056694038810587,2.315503659627819,3.6495937353535615,3.8313191074700006,3.3831330250741214,2.0109314897157984,3.1543196868425807,2.456605942697769,2.0109314897157984,2.52668622487439,2.8824207809995923,2.147766728701629,2.174769947763005,3.091166515689139,3.6382553027733793,2.4162595863350105,3.295454702393049,4.065516802466283,3.2950329619771894,3.307979843688106,2.666619083171922,3.662359146623143,3.309378112495801,4.749622212064696,3.7941382982233693,2.8467158485087043,3.329572776804887,1.7836742838888453,3.5867560927867363,3.83163059624858,3.364284010572372,3.595382712824027,3.2758650542674115,2.0109314897157984,3.1686794646187164,2.826878148924843,3.88718923799292,3.6616536131145954,3.7247411186848893,3.2169493519920116,2.52668622487439,2.52668622487439,3.5582230056770605,3.6537762966156393,2.2214223989621282,2.1784393782780227,3.0550871243693862,2.52668622487439,3.967815217448929,3.524336284004804,2.856680566813654,3.370596076552501,2.6863194024047448,4.125138814932832,1.919252796537496,3.096995008529719,4.181743872498791
1.6981251424437829,4.375902219404232,3.815195857586761,4.842664137035331,4.573883021225447,4.122100885970212,4.112988909060629,4.235299971240953,3.45785650843879,4.508263885827345,3.609385637845517,3.7191045364597266,4.123171455040263,3.260344955412213,3.8633973349333175,4.288571077781784,4.464983170003994,4.159306133956597,3.9835975500501872,4.3722681234847265,4.2248900630567725,3.84265643448675,4.176728853356488,4.2248900630567725,3.9028595346115575,4.220877370240034,4.245573883885124,3.1298154051106817,4.392547580933017,4.075033060094671,4.173987568391184,4.4570387166684515,4.637382625498379,4.296327243302086,3.932419581026063,3.5701307185765025,4.733504483690624,4.120942961565532,3.8003443917668154,4.9963439102336,4.563723781177012,4.520066978530504,4.007841467839011,4.1862447482223155,4.330235056032007,4.6608261567582705,3.980150212825899,4.0668347079545155,4.2248900630567725,4.2659861614099235,4.002466885988842,3.7062879335481016,4.64256471266411,4.4734855579505695,3.1431092770075635,3.9028595346115575,3.9028595346115575,4.578388109514783,4.4091224289602,3.9645525538148236,4.845336026110651,4.441929912304714,3.9028595346115575,4.480911457907927,4.261645960702009,4.175371169442563,3.8638455671549106,3.7565520346890864,4.566329028912727,4.605067510458989,4.104887674523712,4.687794010620001
1.7892547767650506,4.390341878885946,1.822512668130161,2.6148958385315386,3.1021548475962155,3.867565093293534,4.113622472698118,3.1288995175195264,1.3173804522420656,1.4345806306034812,3.479121121413699,3.3496234974501373,1.8290340114130756,3.7848242067877957,1.9982380742060153,4.424586495449601,4.268193981253807,3.5583101440280376,3.0517543625322925,2.7074962901348316,4.272054908362936,3.0750263015180237,4.02894788821031,4.272054908362936,3.5968789713156655,3.8752048267599797,2.531213316777472,2.3056696159307775,3.2835768762449513,3.0340249361713076,3.088978250314602,3.5460938098613988,1.4403611960535114,4.094507659521366,2.2701798337545935,3.004621613045865,2.1226267041955653,2.8631659293657634,2.8720033676762515,4.568282020668406,4.997482169338658,1.813685423687473,3.3251019784077274,3.4604869237161293,4.156497780067112,4.27532004413148,3.043523275595162,4.851950421345899,4.272054908362936,3.5893457401848545,4.095492547288181,4.689455188575337,4.4142344263404585,3.277300860453513,1.9394747286422942,3.5968789713156655,3.5968789713156655,2.515784765093994,4.202699677434815,3.6933046701051633,4.245931928947626,4.546310719347573,3.5968789713156655,4.656183932553824,4.6181175523486475,2.5852711081124435,2.4935483534947003,4.616206502035743,1.574285230905546,1.9051798181942576,2.6290599099274954,2.4904277991453005
1.9697067756450743,4.170343755088655,2.2996386538468196,4.608044406095466,4.038782171642373,2.31893776914653,2.8179256601522304,3.783094732253373,1.507043104336292,1.8659156595384514,3.773603655591387,2.491163913583966,3.9817543835856197,1.9781976567485522,1.7009866582875794,4.100708391128256,3.785967792489017,4.200561690392215,3.928433824847814,3.7688773203372836,2.981275294406781,3.0619290865802724,2.9343818931726595,2.981275294406781,2.4688959628326637,2.7853683891734637,1.7008907597788143,1.4960707062417535,1.4637137585067799,3.9112181649804096,1.5253148710477997,3.6926763231986675,3.181111119190934,3.4223153422692234,2.497999000636791,2.252258539205197,4.195223206880078,3.644334813583449,3.3150993462007867,4.507824019478121,1.8026963692319824,4.917273864300931,1.5557241056104867,3.729548483371539,4.288436773612489,3.5772907744147346,3.286824399285406,1.8700601476628302,2.981275294406781,3.1046579091528628,3.3036055680603003,3.473239236133688,4.237834947897058,3.9984087689050902,2.447766957254215,2.4688959628326637,2.4688959628326637,4.313479511468007,3.5660963245911175,1.5245662842692718,1.3372123672275862,3.7590364724237375,2.4688959628326637,4.306624814709618,2.999064303762656,3.7784894748620044,3.5179919798618293,3.2622923905546486,4.18215969720367,1.7455828427461004,3.9908284977842166,4.371347347257118
1.7498834175154565,2.1385194924651216,1.9915350446226787,2.1106658546499477,2.4551621249870914,2.3957785690888933,2.8557463023697665,2.4346135731483636,3.4582356449925884,2.6775133270068023,2.2154571205570486,3.634311898378672,2.1025561890118016,3.67301198857603,2.247359384086102,3.8054013395451083,3.661605591567442,2.249129772211307,2.3617171629090086,2.453397230842894,4.01897226560007,2.529030239000385,3.9696420732265363,4.01897226560007,3.9164440802019764,3.8617597328457656,3.605648534404455,1.7079451858632255,2.6576569669272545,2.213421792317078,2.445553001437041,3.1971174580956747,1.562266844904289,2.8114481403671254,3.6085755167431435,3.69004180696324,1.597581007205764,2.0127506266398263,1.785511432328021,4.0103914059719,3.331570696865782,1.5591502766001621,4.87522836697895,2.6476998764434043,1.7425231512492325,2.3331964518605552,1.9699600509424475,2.8812236475413155,4.01897226560007,3.5768384579032917,3.0603164217740373,3.431820386486902,2.310666149645551,2.7896004686737688,1.9717729430515003,3.9164440802019764,3.9164440802019764,1.95564933164398,4.04710407417154,1.7225274872790788,2.6303236597804167,3.8637701088736405,3.9164440802019764,2.132564141338917,3.645479234107299,2.5771819704206522,1.8595823965538094,2.0809643813134575,3.446851095429569,3.617947684381706,3.0150271970128255,2.996281940046353
1.8873769849308648,3.5574355308320698,3.4396291135918156,4.322376175428428,3.6235172103521522,2.048681880306016,3.6106978282627926,3.805529992492147,1.4270414934685438,1.8210897317292822,4.031767416771949,3.269928820747819,3.977029329532608,2.543685841769617,2.589478086059903,4.082062032504236,3.587339953999315,4.00968986367613,3.7310640134796382,3.6576576637196165,3.1161465768523255,3.3797950712486777,3.2545758467456496,3.1161465768523255,3.338151151131772,3.409672022246072,3.019041192920743,2.4856300462900767,1.8225026385059213,3.725850632152938,2.7858045863019902,3.992738956242981,4.404939872485178,4.211329148917916,3.011385719703102,3.1236581000997283,3.653988664439491,3.4326429568591452,3.5871754254683244,4.186001229989745,3.435978499478806,3.744540073457938,2.625410962024404,4.853542859333026,3.7246209188088972,3.615557068038624,3.327244056960836,4.008621066364438,3.1161465768523255,4.046729922068454,3.5205688192063365,3.7878481283312895,4.060688716283768,3.8792414369057884,2.8519061689791005,3.338151151131772,3.338151151131772,4.032274101540593,4.084758623569257,2.0236371001266997,2.489291871583359,4.319084601623745,3.338151151131772,3.977692482622924,4.247967617971337,3.7473079678616568,3.386590057723577,3.690908546387857,4.566576626213298,2.3591617081416745,4.137953541762213,4.103194057345542
2.696241178319396,3.963345395093188,2.237525843383499,4.526338150793719,3.9938887377765697,3.9397076279104937,3.039563318103127,3.724864962882204,1.6586861287431431,2.4851953918937553,3.5042957139376547,2.5725224263382027,3.73827567654539,2.139775654854093,2.019695132647449,4.035345525150657,3.2122013235413767,4.202028625706845,3.998063581491654,3.8706343937426437,2.7027218950829384,3.794192807021871,3.0476691697705185,2.7027218950829384,2.6427924279003054,2.8815367341268696,3.1060605881162067,2.014178565733532,3.6389570293671034,4.062131828845223,3.069388044951593,3.0898579204975056,4.3045459165466,3.5598760712541297,3.1092661169387297,2.3153534436065173,4.35598989834683,4.07044234241377,3.8390712294432614,4.3292964676295345,4.136465023688574,4.29641724954339,1.732212374327026,3.7329578764955462,4.889102680286172,3.682198848615527,3.2987989035624508,2.4722833859387223,2.7027218950829384,3.1921013159759646,3.2166970239556636,4.057640509810806,4.115029576324269,3.438142369181571,2.770006730845997,2.6427924279003054,2.6427924279003054,4.460225192658812,3.989815324179921,2.290546375833851,2.4039899687855257,3.900813173272222,2.6427924279003054,4.409681762365613,3.226895513967564,3.6625379010059547,3.6105867787784325,3.5837776522547626,4.091433000423266,2.0154618753172624,3.575261621734823,4.206330526345609
2.4378075220288107,3.347751631843594,2.473395591150411,4.03001004866829,3.7098928240104856,2.47145483027378,3.0849852172921333,3.6137792062754697,1.400861393336541,1.6564363554763015,3.563626722455809,3.1524253431339635,4.062791004091345,2.5370368593046893,1.656827302907662,4.1494144315533505,3.7464609084299236,3.705682147579802,3.580850983014992,3.7522755171392967,3.100407851272385,2.783310611997964,3.1259184528295085,3.100407851272385,3.47453400172982,2.979551038253486,2.243339334811712,1.6480273837035988,2.2591227428157072,3.537516575198908,1.6367717945869356,3.995497679496962,2.407952008025049,3.7088856341950978,2.6629977792041224,3.1151847469713543,3.9663744460488735,3.187737867742094,3.358035873758291,4.655699712640992,4.255933262340714,3.591691815540759,2.31625604968395,3.603760670411859,3.669036234141417,4.938290074419108,3.3271785469167536,2.6607275655944536,3.100407851272385,3.448071822100429,3.191524927363973,3.8120926483452626,4.055028792889576,4.273415915505801,2.6990842878273953,3.47453400172982,3.47453400172982,3.7816042387571907,3.4480013720858365,1.485345900088893,1.8512708894754382,4.236909090908357,3.47453400172982,4.246078712964957,3.6952349181949495,3.4546142874357284,3.2200210231717046,3.656512234359688,4.606068105496424,3.988639982133627,3.761189554653482,3.818398183036989
2.0470479461250344,3.201394706985518,1.6957268165959811,3.4303831608565227,3.759480971134046,2.7346782834822614,3.2152142123409737,3.539106456181159,1.3472683549239421,1.4019856850427468,3.5759579301528306,2.189501594027593,4.159709736293673,1.8948400488225252,1.7972810490792805,3.643840163755313,2.2356769181120892,3.6003703118970822,3.914421212762077,3.3525222500142413,2.5576382081871745,3.144736961070442,2.7163368287199057,2.5576382081871745,2.261004739000219,2.6518345060038913,1.9953394394351447,1.5919470879259232,2.21215326082485,3.4998410019095383,2.744772381113104,3.2481567653087904,1.8220286493147688,2.655563991856348,2.399886073403165,2.1303603855258926,3.5219415881671012,3.1118622126338984,3.596750987169886,3.9799607124318443,3.025824710155229,3.3009371159167125,1.961191324418017,3.328778734900209,3.2997010679978125,3.334737111733948,4.532748130987015,2.924774354863739,2.5576382081871745,2.2892938289181926,2.9366723103004495,3.3416991900423403,3.843839610785571,3.2458335237839915,2.808908807027899,2.261004739000219,2.261004739000219,3.398533527639731,3.2063603695748193,2.340732478748417,1.6790494529049718,2.4445121002501216,2.261004739000219,3.543948529756609,2.8614080579266252,2.271841712857057,3.5281318370112134,2.50285659750719,3.8138319497202033,2.131990161476966,2.622877823126911,4.078374027284225
1.719007646287623,2.8681188630996513,1.8449226729602821,2.572691845224803,2.3643998789540737,2.0064400891630543,3.6152628706108514,3.7261263285097845,1.8764931049688705,1.3100310104177333,3.7920552441224684,2.3131003832236443,3.163712630143879,1.842782911771029,1.792402478111639,3.9652195530448573,2.8312703702637037,2.8387758506505723,3.1180143042448942,2.896283088707812,2.3965599751465403,2.702055503617026,2.672751190649227,2.3965599751465403,2.473012243514348,2.160044796792084,2.0762525083858794,1.505546134893545,2.1161893367142692,2.7638969203236807,2.889504997856493,3.143950845983113,1.6438159888677863,3.554874747609123,2.6721147439569077,1.9231694665854417,2.8483629730577187,2.1164886046601237,3.274948856694536,4.059793390520629,4.849828427502933,1.874095881222611,2.85553065839553,4.004966317705144,2.4742721828839302,2.656343642568174,2.9206581052294474,4.67212225722496,2.3965599751465403,4.301714609101617,3.779531298708206,4.393896775325158,3.1569698955284684,2.971887068782491,2.547190513743436,2.473012243514348,2.473012243514348,2.31638610693373,3.512434773033221,2.63302405318207,3.5562284064383713,4.3335584822633155,2.473012243514348,3.909750093442388,4.33917591122377,2.0873448550056617,2.2762302999774797,3.35022604438542,2.0152378969518105,1.8714900932615428,2.4370044376489757,2.1588490976661925
2.021612265581803,3.4667509823214964,2.2848897365748693,3.3047833654223306,3.6733518023593974,3.309102240510594,2.8605993789562767,2.977448014097833,1.4582516595709096,2.683255892442861,2.8675356173967694,3.979224310084991,2.873508653749451,4.068706108628331,2.017078283278356,3.7186250337229487,4.123537413865936,3.3678880948884413,3.2912019631017104,3.2834337430261464,4.432199490656215,3.320975620757014,4.184665172287855,4.432199490656215,3.9797831962173555,4.1085453557520095,3.51083864449373,2.4522760970435025,2.47635209635746,3.8493655907012485,1.6301413984536217,2.6165861651447684,3.2738077877576366,3.6098551891269945,3.089041577020837,3.923133372610094,2.9701019263331254,3.5489997384560166,2.0092000747217402,4.225321777279742,4.263826818594915,2.9944671528935807,4.016108695014625,3.1181622417103165,2.7089401936047226,3.1027400601316586,2.5591008415284264,2.4006242164263316,4.745325997053288,3.4370033905630004,3.1227093409698536,3.564861316217324,3.996211618906849,2.8917613653534855,3.0784012391749007,3.9797831962173555,3.9797831962173555,3.449831739338587,3.8956178963607586,2.2551272670509377,1.7300600962515262,3.613011454547865,3.9797831962173555,3.385485145198057,3.814098133847242,3.9280995297979056,3.1011534074572253,4.093849283938716,3.710839321187998,2.2642610144578716,4.217311721617106,4.2591856399967085
1.9313728251487223,3.577737195397514,3.0122648427489405,4.0058888381698,4.039111976261095,2.2695075344671096,3.9295282372590767,3.490466611198074,3.5566611158819663,3.6634878974634173,3.584362363365493,3.2271867452066023,3.9014653234200614,2.869305695535987,2.2107990033433955,4.215119920559935,4.021749343497949,3.68826338593997,3.20869797834445,3.718018659026252,3.4402621409502863,3.085315758680733,3.509303198490431,3.4402621409502863,3.4352566855179467,3.106060276596585,4.00520214015048,1.757632648888428,2.6038475355549258,3.5759221158421006,2.669811119472824,3.8970033376017374,4.137666652317371,4.051904202033622,3.789434707698481,2.971261228797873,3.261717948123792,3.0495539626426815,3.176476949432682,4.269437489140312,3.579711636009405,3.131626925514256,3.5733953970587535,4.046578215555045,3.197492592642739,3.4607754546035245,2.294116548239771,4.305701506785724,3.4402621409502863,4.917912529837901,3.9548984918833696,4.231138014685236,4.051023776454997,3.321046859904201,2.705239502871854,3.4352566855179467,3.4352566855179467,3.450895478004801,4.426000800857632,2.334326898358638,3.7747348449974814,4.535999448897972,3.4352566855179467,3.759779052989953,4.5337534050580945,3.964294761640483,2.99240081742943,4.076537338846124,4.462449363515793,3.8314265644386034,4.133044919553143,4.146410903008704
2.3901230844221155,3.5587915988677086,1.5454397357604432,2.5841793009289455,3.2625283247681596,2.9227145788216613,3.9650571101532166,3.1502864663931867,1.5283162074514078,1.5845393088247246,2.6693850799816405,2.85052745508019,3.702079402534815,2.5465439399190437,1.8388252920151553,4.138412086840999,3.743345268000877,3.0194884139310187,3.379441786421255,3.526820157037399,3.12374670547535,3.1213823911101133,2.927899030117068,3.12374670547535,2.966143327660708,2.832125290532786,3.030472756258276,1.471576613218844,2.297222937557572,2.8260039119817373,2.1082825283686435,3.542236174278722,1.952159924464256,3.6287313431841866,3.2097865763443396,2.6612840109922353,3.3133214102895865,2.6411249200820714,2.8309546906735807,3.998878404564864,4.083332446650578,3.320678908361894,3.057106411827887,3.520161259761624,3.2178888925186127,3.1974835496032687,2.9374721169199294,3.784149041813789,3.12374670547535,3.952046416281056,4.900157599819896,3.655425973148419,3.435724061641716,3.0283627411072556,2.4333288758299427,2.966143327660708,2.966143327660708,1.7354499957540286,4.11409587448973,1.881576166168796,1.9196446352956587,3.985021259207768,2.966143327660708,4.115516875236914,4.041153614807488,2.82957748490806,3.299038584913332,3.7133214934164247,2.050590413955191,2.6145795650603665,3.0080476661183058,3.795955165382418
1.762775977433968,3.4170738491505115,2.979432949288247,4.218215706275435,3.7307477097284165,2.9011390051866575,3.1275810075365786,3.5586700063294208,1.597485654693532,3.3018776671861705,3.345219997859667,3.1590317851047454,3.3441435171558043,3.1929158021043897,2.212290207945418,3.7883918529794034,3.7475237484280353,3.775135226859863,3.6597710549513653,3.521963828681546,3.5721170531340087,3.551071569886754,3.608435274789242,3.5721170531340087,3.263710799151938,3.598527159787726,3.5011136489313293,2.9444085002535005,3.7862248614126646,3.5256107884902566,3.395206779617972,3.9693230716236227,4.3523953232947195,3.7225717779550163,3.0114384100980125,2.9550368516427614,3.4776813986651773,3.119796946767212,3.8946118400881797,3.730219356475847,4.684242639983035,3.4907896817116018,3.4206347453771997,3.7926607784981483,4.054440095621699,3.8299550141165843,3.343181712555203,4.394414590982704,3.5721170531340087,4.235298937171659,3.654672211679416,4.90405676131836,3.997154083615854,4.00049772621457,2.2871066969130505,3.263710799151938,3.263710799151938,3.554955923661187,4.102910341964986,2.4292968654527582,4.797873315966567,4.309831532006756,3.263710799151938,4.119622968188117,4.298155987395743,3.360879367139649,2.992619496481529,3.982314485079426,4.733720514523167,2.4298608654253284,3.750812323083273,4.154357820263119
1.8200197649236904,4.387893770331238,2.757037467704881,4.471762793025585,4.193803392503428,3.55031014121766,3.3292992132467116,3.8348132597338576,1.6168760786412357,3.973251821432744,3.759149015183559,3.644326466672242,4.045123602993231,3.7560149644250016,1.9459862543188966,4.371748929231519,3.804483419201998,4.458115376180617,4.05910442785996,4.077990264536709,4.019891127839873,3.8345948183357166,3.900071326209001,4.019891127839873,4.036536225494806,3.9640291981221827,4.0917398318949285,2.1421757843063314,4.154114771785203,4.339020969707169,1.9356322032695878,3.9121846209063103,4.938546592023983,4.1002164849873255,3.178253699723724,3.7824779331487814,4.501270152968326,4.058274748011042,3.6851387300880214,4.655010295346374,4.426175759177156,4.262500137468573,2.3133967317581456,4.0747148950810725,4.122193397815969,4.085656581428214,3.864708172792782,3.20001937665314,4.019891127839873,4.07935149599917,3.461848933303621,4.018117253585681,4.987850272132137,3.7861649008289344,4.30673288295745,4.036536225494806,4.036536225494806,4.418499249751751,4.375901885758073,2.807561929958331,1.8631106455976485,3.8829200006480256,4.036536225494806,4.131419153378344,4.118251395109081,4.471651340526384,3.8235661182806364,4.184887177983005,4.704327093894908,3.1564584824021766,4.757411510941028,4.653540955119349
3.034785283453316,3.3004627186983466,2.099663515453677,4.3154431028858085,3.534083957666152,2.5055393343933288,2.9313186757189627,3.4800544903836905,1.5703230666652688,1.6124980322453397,3.3359498414179356,2.9778566439762213,3.9155111386784145,2.5778971041843883,1.8022530178387035,4.088534093074854,3.650039232667981,3.414006744484299,3.521778119876823,3.6646119642415194,2.8847813834481184,2.9345759625483474,2.9696788461490926,2.8847813834481184,2.985030713150065,2.6979074084218473,2.603810768896725,1.9369714201528383,2.3125743872352214,3.3397874845989195,2.2087276598070145,3.6020362474774155,3.7445440779060504,3.4284608735730675,2.526727994859169,2.8439818299915056,3.6242116979852863,2.930385730182376,3.7293350267780627,4.469337125038546,3.244313593375566,4.018678165916416,2.775812865192918,3.880412631272165,3.4277720381086567,4.284301156189449,3.24684795361202,2.9686540663842926,2.8847813834481184,3.3209911086582036,3.026837572103045,3.995544705451752,3.7518333490486953,4.382121495168095,2.7414177446720105,2.985030713150065,2.985030713150065,3.4480968647716463,3.50606066986039,1.688046632527247,3.0615357611417826,3.864679495956895,2.985030713150065,4.048103130591048,3.630245411906781,2.9233589489492693,3.12499711596522,3.0155402069608495,4.637062464570287,3.683773572823693,3.383340103087825,4.206043969942802
1.6161426901806752,3.9983304315537387,2.807919890971263,1.9587743975783045,3.7317258447555903,3.4149372782826295,2.7902654525828163,3.148916733572863,1.8725943117281632,1.7587559955860175,3.5471383652235646,3.4881408476216236,2.7577742761724213,3.0307153750658564,2.933298082303913,2.970723118189909,2.9240130010585936,3.5393753164204593,3.041839500895628,3.260349351930845,3.079258150662459,2.8622393261065433,2.9958959272741663,3.079258150662459,3.1644224616514753,2.6341659310825305,3.432543101725275,2.987539462485454,2.3101222575237,2.8705545405093877,2.8309256064679524,3.082377838760549,3.602011371423113,2.4437826590455103,2.829418080481293,3.3197650457147168,3.5799326288544577,2.4215398804449424,3.2255457694200107,3.1484238419461787,1.9398065149370018,2.437576745307079,1.9670561832542348,2.8513763909528516,2.7741993026695972,2.692769848243434,2.8061341215692703,2.5448519915647636,3.079258150662459,2.698824561022742,2.427092876377648,2.2871342219464257,4.297640611846171,2.744808404883006,4.968035181264291,3.1644224616514753,3.1644224616514753,3.38385483587626,2.4036778120593363,2.6365807858631363,1.4851381480600923,2.8628455488673454,3.1644224616514753,2.880504104453335,2.6840761953533794,2.548538533075679,3.2053705841930675,2.589772610947295,4.2912662789445335,2.0854737492314204,2.9873258850249247,3.221171648789431
1.7363566626436524,3.6244980865767653,2.2954334766579594,2.417628037265339,3.8299711513144032,2.874872856690465,2.6038839507180986,2.91798194610696,1.333179186399258,1.9411014629248369,3.44977043181551,4.457602668278851,3.2927364237637535,3.952220589842402,2.606374909957584,3.982404054086156,4.187392165930772,3.213875624222845,3.1946108999369467,3.616008727956512,3.9844760351374378,3.0985262829517803,3.94929339342188,3.9844760351374378,4.561569470928762,4.016569451822526,3.13591047804107,2.569206913139618,2.007108657859288,3.6100360667320053,1.7614840736815867,2.5972013322392273,3.482838350196497,3.60900467733349,3.140821556315022,4.354970540290022,3.629095359260341,3.2397173026042925,2.531427254523634,3.9000951694365122,3.5867897070009693,2.482026085300956,3.9170151594341984,3.344115578988925,2.6524314014271093,3.4854441901239137,2.263734895081519,2.4836320345895593,3.9844760351374378,3.43869899464148,2.969415876493274,3.2688834429214397,4.024576689202156,2.9905534333525514,3.1712402149330066,4.801922179636129,4.561569470928762,1.9586484657841416,3.672734537595292,1.5643586985127118,1.5007255606314316,3.777569215271231,4.561569470928762,3.4086146763291394,3.738707705287326,3.7911645317248395,2.6824220318901224,3.9995884876413186,2.404254735100216,1.918131359200373,3.926279596326091,3.6744315504238614
1.7363566626436524,3.6244980865767653,2.2954334766579594,2.417628037265339,3.8299711513144032,2.874872856690465,2.6038839507180986,2.91798194610696,1.333179186399258,1.9411014629248369,3.44977043181551,4.457602668278851,3.2927364237637535,3.952220589842402,2.606374909957584,3.982404054086156,4.187392165930772,3.213875624222845,3.1946108999369467,3.616008727956512,3.9844760351374378,3.0985262829517803,3.94929339342188,3.9844760351374378,4.561569470928762,4.016569451822526,3.13591047804107,2.569206913139618,2.007108657859288,3.6100360667320053,1.7614840736815867,2.5972013322392273,3.482838350196497,3.60900467733349,3.140821556315022,4.354970540290022,3.629095359260341,3.2397173026042925,2.531427254523634,3.9000951694365122,3.5867897070009693,2.482026085300956,3.9170151594341984,3.344115578988925,2.6524314014271093,3.4854441901239137,2.263734895081519,2.4836320345895593,3.9844760351374378,3.43869899464148,2.969415876493274,3.2688834429214397,4.024576689202156,2.9905534333525514,3.1712402149330066,4.561569470928762,4.801922179636129,1.9586484657841416,3.672734537595292,1.5643586985127118,1.5007255606314316,3.777569215271231,4.561569470928762,3.4086146763291394,3.738707705287326,3.7911645317248395,2.6824220318901224,3.9995884876413186,2.404254735100216,1.918131359200373,3.926279596326091,3.6744315504238614
1.7613382848309156,4.498698804260764,4.293657374435352,4.888718326209539,4.273426612008244,4.296179930510002,3.1839190785798026,4.106009645997402,2.2191765513115422,3.5319066743341834,3.5007362425780375,1.7702161694582261,3.9572149969328585,2.1659476936806072,3.5543759972347644,4.3853710773894425,3.1174866509036283,4.260056249571418,3.934014359041523,4.143302148902596,3.4384746505956345,4.07465662918468,3.5834998238590687,3.4384746505956345,1.9576072554255228,3.025095387320425,4.22952720219956,1.778679301996134,3.958109965405586,4.1719925208829185,4.210187115734539,3.978761734689753,3.5789313153285365,3.411338815974878,3.4671471477512386,1.7728344528974311,3.7864013299701873,4.100347894442688,3.5536961136827907,4.573953749255987,2.4974784795173095,4.327220266685023,1.9467259528642613,4.025575752072628,4.453785663110492,3.7852619451185574,3.3909916166183924,2.313845189478278,3.4384746505956345,3.4342629578308728,1.733238761330092,3.5439054588680445,4.386594744242053,3.442679476701222,3.3517545676822595,1.9576072554255228,1.9576072554255228,4.994697452642326,4.2478306291619194,2.5558151492814543,3.4260793822849003,4.305450610920256,1.9576072554255228,3.96830327789601,3.6138694701065033,4.471988102685635,3.847281078676943,1.7041506151621708,4.6051846800635,4.3878186924553395,4.561500172856689,4.561289563192064
2.21599196074382,4.214296942800433,2.7404186181246173,4.443756893293992,4.141139828060555,2.3252069427725006,4.086282756286694,3.883072722691715,1.8167451867825122,3.4804125233753322,3.6187051700216086,3.3720322703112307,3.8774528377875517,3.5719535693741653,2.7808229099995057,4.0892722886683766,3.983292344676194,4.053311478015754,3.8970121227443064,4.137017188229354,3.8990488917884853,3.6391019634174957,3.8853404269318816,3.8990488917884853,3.6768038370266756,3.925577325916347,4.266940246058345,2.5534515062941283,4.171285940953207,3.955932407876383,3.3919718161892964,3.99049144545748,4.656401932562019,4.199973131864811,3.610051526352098,3.4244446690460384,4.099964921498462,3.884181264494072,3.6647253104499544,4.412339767655741,4.204187633402065,3.60974615122131,4.048357824159367,4.086834678080123,3.992103258403489,3.475066294812009,3.220567218823852,3.537722183109187,3.8990488917884853,4.42867540279223,4.124763041323291,4.101183611769388,4.368422356571085,3.505395743333184,2.421098911297777,3.6768038370266756,3.6768038370266756,4.264954282435197,4.929501776517892,2.8067628574031755,4.258064252070087,4.215742458900474,3.6768038370266756,4.125824327943496,4.39928458226731,4.079660463182618,2.8743291159229827,4.027470253557414,4.433266313534177,3.400241114470696,4.163686801364162,4.384769518443118
1.601330533431978,3.1732678762925723,1.4466338690295324,1.7327190347071637,2.099116401716835,2.1881634924586955,1.9500611411820383,2.1845993520051303,1.4427066508862467,1.5292445801344923,2.1808791386027107,1.645250305737845,1.7452722058246621,2.1222302249102505,2.123428209442735,3.623010326455314,1.7707799285601271,2.2688412691819786,2.0106517518396307,1.9454078043503187,2.236155117134272,2.3769649804137933,2.441511262330702,2.236155117134272,1.5601559858963374,2.2536902986588654,1.6617084638067436,1.8053861667510112,2.1456467761386584,2.282371308085812,1.922756283521461,1.6801284649337163,1.3960526092521501,2.38195364057443,2.0983317751656747,1.5033490991686278,1.6153333337299225,2.1390807621023846,2.201039769074897,3.946438429860268,3.6562846119900216,1.5209656785289019,1.7069918055543725,2.0070654410634265,2.2813608107306016,1.4757095295789848,2.3188939449327246,2.615321952502418,2.236155117134272,2.311002651118609,1.8683908145452957,2.4110524737827137,2.7469149779193605,1.6802664002285916,2.6271585913430617,1.5601559858963374,1.5601559858963374,2.5477974334835523,2.757915066250937,4.870438158363283,2.1211164033569707,2.66577310989848,1.5601559858963374,2.1211251514591396,2.961398791670411,1.905014273481052,2.2376705063269067,2.0358338020322853,1.6034523514578014,1.786242657671695,1.954245999304005,2.395361668971079
2.58684076825131,1.939484129708858,1.4094109647066846,3.5677037207827,1.6560394415583408,1.8309375922608426,1.6706705681356049,2.0849114610307558,1.8605635446067605,3.1013376594491175,1.8563859168069021,1.5208279659450823,1.4835839625036509,1.4605835368857483,1.4455310811510274,4.395589700440217,1.6380319297354002,1.7366115824466395,1.973752158700558,1.4536182256995136,1.7371111388571063,1.663590049681261,1.7986205292913722,1.7371111388571063,1.508360123028885,2.2279051819111118,3.3356691456090255,1.5250278673447832,4.118847950295872,1.7737866805862978,4.248110554813207,2.7034156381212497,1.7263232701392792,3.329076097564858,1.732455461768756,1.497623830675493,1.4711376941780574,1.759821796468035,2.1889802469947126,4.840601559874361,4.228846266813986,1.3414614497424568,2.6218270965930097,2.5030759010045402,2.4151893369755326,1.8593038997709843,1.689520666545273,3.564710221817363,1.7371111388571063,3.7712058264627206,1.9198635164968918,4.794434018604379,1.8543199390747345,3.0883864622594137,1.4852300084422414,1.508360123028885,1.508360123028885,3.4463654963462327,4.245136767867855,2.1464654381405888,4.973135851609165,4.554122755378708,1.508360123028885,1.8574903458181715,2.241736509583716,1.9395288387659426,1.2006354234307264,1.5409726994779613,4.6463701434819145,3.962955712588786,2.0729856032581355,2.1122678235065164
1.7397913986991393,3.696853878918771,3.2203967953053905,4.1699885451968655,3.971373780806246,1.9854078855535167,3.440476200412414,3.641815736261641,1.6173898767614356,3.6964177897414543,3.3192635946217024,3.0881560873741343,3.8397975054174753,2.504041279153411,2.2685812790766855,4.129419457142489,3.88672818155956,3.942861205343762,3.616093758115498,3.7165096006045806,3.6094955567432923,3.1671582838531553,3.62055262261334,3.6094955567432923,3.76635575626696,3.5660175291954785,4.052693815940365,1.7651615025379077,2.528899704479751,3.695151059852239,3.039459462158842,4.011780226945269,3.9366402842791723,3.9694369823855906,3.592010266896769,3.3707904165049,3.4994048252831726,3.5090388359000717,3.048369095126652,4.441353168092804,4.535937427006119,3.7707814122324583,3.8577596787033337,4.316310077529475,3.892193099072592,4.241842226862028,2.436390684974968,4.328904764948411,3.6094955567432923,4.533961508112304,3.980920658408654,4.302980819337409,3.8495402741758724,3.8572602716030624,2.8547148788644514,3.76635575626696,3.76635575626696,4.309927665385786,4.211944854973472,2.6758430051266613,4.551957563365173,4.93531155327572,3.76635575626696,4.160194940589905,4.334145943397234,3.528474071152787,2.9679831847653064,4.243758285827523,4.542614911256732,3.8944826080043207,4.017502851237649,4.2281855794263405
1.7363566626436524,3.6244980865767653,2.2954334766579594,2.417628037265339,3.8299711513144032,2.874872856690465,2.6038839507180986,2.91798194610696,1.333179186399258,1.9411014629248369,3.44977043181551,4.457602668278851,3.2927364237637535,3.952220589842402,2.606374909957584,3.982404054086156,4.187392165930772,3.213875624222845,3.1946108999369467,3.616008727956512,3.9844760351374378,3.0985262829517803,3.94929339342188,3.9844760351374378,4.561569470928762,4.016569451822526,3.13591047804107,2.569206913139618,2.007108657859288,3.6100360667320053,1.7614840736815867,2.5972013322392273,3.482838350196497,3.60900467733349,3.140821556315022,4.354970540290022,3.629095359260341,3.2397173026042925,2.531427254523634,3.9000951694365122,3.5867897070009693,2.482026085300956,3.9170151594341984,3.344115578988925,2.6524314014271093,3.4854441901239137,2.263734895081519,2.4836320345895593,3.9844760351374378,3.43869899464148,2.969415876493274,3.2688834429214397,4.024576689202156,2.9905534333525514,3.1712402149330066,4.561569470928762,4.561569470928762,1.9586484657841416,3.672734537595292,1.5643586985127118,1.5007255606314316,3.777569215271231,4.801922179636129,3.4086146763291394,3.738707705287326,3.7911645317248395,2.6824220318901224,3.9995884876413186,2.404254735100216,1.918131359200373,3.926279596326091,3.6744315504238614
1.7399584412964186,4.18561554566047,2.220582172538682,4.459348065492193,4.1488560696612335,2.924264313449736,3.5812822311480765,3.8560506660101064,1.376710287204458,2.6008130405278,4.0168133136374315,3.2967941821302187,3.97366334304597,3.107408482914163,2.263437696149956,4.289633614684964,3.731110755876017,4.172788255973471,3.55099147556872,4.068397092041659,3.392915471309655,3.3747478119415595,3.4308282549317424,3.392915471309655,3.4088339763224185,3.546324824182426,3.086334109022747,2.0540771504308477,3.770530725005945,3.8040655170383633,2.153689021296819,4.299501279261736,4.874311232807871,3.948523146324587,2.7476473047408945,3.185593705550975,4.2954146915176485,3.806362866281312,3.9720169765232236,4.480831545056536,4.652149584213869,4.3213964606316,2.1349161158167203,3.9796148606630783,4.408840065055665,4.258311835157958,3.54787810204141,3.925208367175963,3.392915471309655,3.764589788384284,4.121492956011165,4.115471635762289,4.10460949780817,4.047526824419905,2.8911283973096253,3.4088339763224185,3.4088339763224185,3.9761820659099545,4.125468006869968,2.160464056396803,1.8665959039239977,4.1668638857653,3.4088339763224185,4.97690973065685,4.166258429467675,4.119884442704212,3.58515844643157,4.224257817818157,4.648005450797176,2.279234633115981,4.2177941196429565,4.3766571958024425
2.247715275821834,3.9042445991863683,2.9074875249160907,3.424852102619007,4.034548133039971,3.7739041596682887,4.276990954510374,3.9518261740795895,3.7247304280281477,3.077708760445443,4.056396162915613,3.566084916595976,4.1877113658238585,3.3477619094125277,2.866734405118415,4.35283493815748,4.347203225338383,3.650978058417329,3.778589027587836,3.9095384092181513,3.820364623115566,3.572774636111829,3.7348472106709734,3.820364623115566,3.741843682042071,3.756400642539793,4.101717923739599,1.761711289537022,3.4341275855584903,3.1676310086671027,3.039557427585872,3.6815569365389957,3.3956018518035185,3.786593330000361,4.118472193508693,3.372122912811266,2.8408059505741057,2.8505898855601726,3.5417203810305784,4.262906702817412,4.614079918035001,3.0416078488280753,3.6433743911431877,4.251716246946895,3.2467057034204245,3.716366229053322,2.8738300277619424,4.345025037766845,3.820364623115566,4.534691300386598,4.044558888588627,4.299808498760186,4.100370890231665,3.6374053747699486,2.6953584274701035,3.741843682042071,3.741843682042071,3.6360693235231683,4.397538280415675,2.9963065829452713,2.2468763341516187,4.3373004065287954,3.741843682042071,4.165948537375094,4.964321002588536,3.9429711490465658,3.451040632562612,4.252011623806208,3.640963931826458,3.5858489341480624,4.087551209056614,4.101840824736037
2.121374264021936,4.153287196769007,2.3429102998878175,3.881390863498812,3.9380042977592127,2.79229669064637,2.4038518632483954,3.18012875402267,1.7418949591391812,3.334426958389587,3.2862772047379307,3.196910507970833,3.2047161836162283,2.65377647018646,1.878665259339689,4.043053805507107,3.8659120059776626,3.5631757936321264,3.68304848280731,3.9214196380987767,3.9402501312870273,3.6593572124850655,3.8838616228838987,3.9402501312870273,3.7848277933442356,3.390129589042794,3.825550047178787,1.7064318758435721,3.12215810654298,3.997764814418,1.911158578388983,3.475675431265453,4.893209114391953,3.7768237125669972,2.7187395217025943,3.094679118414125,4.315707724239571,4.205476198640807,2.8568206165738554,4.187680004622441,2.572439145545234,3.8059008104849417,2.5578269938587845,3.7684206918326058,3.668955781675483,3.4799095053200704,2.2664475023555317,2.090403313102309,3.9402501312870273,3.9755883030387595,2.8282274624744144,3.371232361214161,4.465266485212972,2.9281519467803196,2.544156546650421,3.7848277933442356,3.7848277933442356,4.490171921864469,4.089163788715908,1.9128857000516741,1.9371697757304562,3.555918031662058,3.7848277933442356,4.138176636329259,3.9397174269439166,4.973753869677816,2.3391681514291234,3.7504170376324595,4.193633432115089,3.3332968729157733,4.80614507101006,4.24834887172397
1.644689006918299,3.2458814388294948,1.950591037969876,3.9138826352334197,3.659940096209059,3.346271662747071,3.080312723566289,3.5145210025428275,1.3563238351856972,1.6659333618309342,3.7243182179472063,3.2087766233187747,3.6197959929231414,2.5561422376100555,2.593949945975327,3.5805743725257524,3.057046416070269,3.7662345981299064,3.4110410380826113,3.1764450491451015,3.0874496594659204,3.146163812990156,3.18332352809398,3.0874496594659204,2.6628123284433847,2.698386630005557,1.767894538476921,2.1706441525112825,1.9126602369110328,3.4551601262078613,2.5092029163831926,3.0973506264690798,2.109252934800973,2.9310105818271572,3.238954436811816,2.644145988570015,3.2558621072469576,3.1108335719142444,3.363333068892307,3.8658446714584382,2.461820645254167,3.533841238635501,1.8449402201691147,3.3774125338427514,3.5884390380868076,3.2198423315829157,3.516602817998683,2.265222725571992,3.0874496594659204,2.985121920193526,3.286362508401585,2.9860349137619004,3.785847470626096,3.1203510013883378,3.193893092386225,2.6628123284433847,2.6628123284433847,3.8470475490292957,2.8383234312380585,2.2555987108014177,1.1986589246604518,2.9634484772017755,2.6628123284433847,3.57123188966479,3.435192107201847,2.3372488606638067,4.458962334676193,2.77610471562225,2.2711659001247586,1.5617873682522303,2.9872118223521147,4.0957704466429945
1.6619046422822075,4.153117076343541,1.8201090358382213,1.9495015040412715,4.114351166415316,2.415474556551195,3.375913635007592,2.7805770084070938,1.3308124771081025,1.6234686280784347,3.4116808819909186,4.038114185698538,3.109322924788101,3.8025328914270924,1.7115047685689468,4.163667361783848,4.435789976087719,3.725466402550352,3.6120022096939417,4.120311547881897,4.0992234610958675,2.9225095657231908,3.978976091203017,4.0992234610958675,3.9996903671269615,4.025819174035661,2.336833161811226,1.493957840173619,1.5730893397350745,3.67327304377911,1.321477503469864,2.3164944905875933,3.0426863411321667,4.1454598398813385,2.6060542649288676,3.9293664668996824,3.648500368789496,3.353474098673586,2.6943847509875245,3.753616609269695,4.612779972686482,3.2901666530877427,2.069401467037509,3.697466198783472,3.590784099096769,3.668800174597174,2.507267410023495,3.3644576859156876,4.0992234610958675,4.080724716707672,3.71911780853491,3.988991851415851,4.174899072171735,3.0232258614795313,2.592740108759961,3.9996903671269615,3.9996903671269615,1.701539404446315,4.023273452384181,2.0568461753042753,1.5361488566877939,4.251523392897349,3.9996903671269615,4.228711390349559,4.2513799459003065,3.7564715203600345,2.8008947700568623,4.95126063462221,3.1714417603170904,1.7179658266467108,3.954738201754174,4.227724614580671
1.667025970557476,4.347486166031551,3.8913387803418793,4.658386642363554,4.444285224827718,1.9078415678391984,3.0736092642392467,4.185965765057367,1.508474943446231,4.4600752371905905,3.8823067611689117,2.3556305472613532,4.2547410364445195,2.530273339972693,1.8103865852404992,4.329084529880827,4.396359272102705,4.141970958225928,4.3709711432218885,4.511343556128221,3.7235590347688667,3.7990466531621054,3.520303680397891,3.7235590347688667,2.4172764508714835,3.6791333181339825,4.090501060793237,2.083409319644967,4.579153357257872,4.154375375297358,2.4130850162733064,4.248574791229675,4.979687591799714,4.440938782381889,2.1768379629933503,2.4831703235132556,4.77240002140867,4.071525199510617,4.139802595616364,4.567598041431655,1.5864729890682168,4.208884743171943,3.4454303537388546,4.569574671751447,4.095746467654442,4.615237694777886,3.8265434045271154,2.0360577195674656,3.7235590347688667,4.465250543274283,2.058208105780036,4.735703853789265,4.701004523739787,4.6465692472889195,4.2894496631652554,2.4172764508714835,2.4172764508714835,4.61292361901082,4.432789122668348,1.61444032855288,4.6579349169612945,4.54647467493141,2.4172764508714835,4.652234719356363,3.6459207356353733,4.194580997023028,2.3068515507269662,3.1843647200858105,4.98226988896752,4.7026512125579085,4.362672501487538,4.798600542324688
3.6380541601746605,2.677568754886145,2.9178903496510173,3.9551570376438256,3.0290129239763477,1.8210670183111226,2.5446253308698266,2.408680484865388,3.9756963485653447,4.318835977847387,2.028738363155526,1.7839414220972554,1.7749711971045872,2.0281501850882546,1.882125921492284,3.912912312546208,2.901571914323061,2.7829177560537737,2.669311918960737,1.765853612399583,2.271071302071543,2.3636118439827727,2.3555696579111745,2.271071302071543,1.924007282489939,2.270770137762008,3.2781648919099253,1.6487465744851488,3.786797496173888,3.0985465861492907,3.8067094147268117,3.350700329681068,2.459436034981509,3.4093610925733353,2.7466880855716727,1.7795730859238574,1.3251953548186668,2.5714078209722673,1.9217670693081257,4.604760490263681,1.9053615546470641,1.7515465808360855,3.611916660310848,2.3704861213024806,2.0289060514038333,4.00028197669085,2.140809675064563,1.8787787939273062,2.271071302071543,3.8316114109423878,2.622495477684038,2.4412095696057254,3.1351240569552687,3.6762766801251505,2.0996154194209553,1.924007282489939,1.924007282489939,4.3986386026995365,3.3993592844175717,1.8000536468186146,3.9593476741972493,3.897606041504937,1.924007282489939,2.273450748270068,3.5858799829661487,3.3233722426401604,1.561671807294934,1.718733213268393,4.700409288566357,4.91210847437754,3.7002256828578712,4.393806101496844
1.8563040066450123,4.2065943965857935,3.12628027197589,4.101688420013247,4.078361587203066,2.9860395003740177,2.8951509887821145,3.8629102337036696,1.591103745375239,3.940869061051254,3.855107020233967,3.4321907955139017,3.6761520634357048,3.211289819195531,1.8499914472314716,4.040740055009288,4.094044142882017,3.8396840539641808,3.9103163673744934,3.9546759387575086,4.232533565733234,4.016293153222364,4.189754033110199,4.232533565733234,3.9271688239960962,3.8611821126004813,3.900139619577587,1.7027367406869773,3.5288713510298537,4.315067277237789,1.8708159166280809,3.76912746961315,4.922743947125632,3.984736250459588,3.0642008352048973,3.375766438858243,4.179592710843762,3.946975151076771,3.1071075788756257,4.132924896224559,2.6230060613948,4.032256115728985,3.0032938469439,4.154839855732675,3.5868931484899935,3.8001787755795524,2.6226481386844904,2.44992446756626,4.232533565733234,4.147027273571521,3.014022592120109,3.7678294234039695,4.755424942147981,3.406230573369524,2.9892827425587365,3.9271688239960962,3.9271688239960962,4.582223004816906,4.172290055089563,1.9708686315011366,2.0746852593070004,4.0487241757301735,3.9271688239960962,4.241894098541184,4.0885736206877095,4.808012336752747,3.007781515431057,3.9552243096954696,4.3632457544877274,3.7282705760618993,4.982707200165464,4.347846603314663
2.872630741796085,4.433840202524477,3.9394257806993114,4.614877460443131,4.568277507254574,3.548980029841434,3.7341553253567517,4.217643683318333,1.3335388561857369,4.670779858965898,4.078837271401474,3.549374288778265,4.04483632098437,3.397814837107102,3.1050787813848237,4.322423267006192,4.457335152837173,4.240871226205669,4.242972348408396,4.1047604313033,4.251871314128881,4.1104907451747215,4.152531556072356,4.251871314128881,3.684248937975802,4.23968866756631,4.155938367045332,3.297906865572431,4.546292578466593,4.315593672715001,1.6679811100846804,3.975543730082622,4.898254148372585,4.236914508353638,2.7128246389511332,3.4170653288541204,4.464504805438474,4.211614156427584,4.1784923059634975,4.67786166771139,2.518462753856417,4.371521243330411,3.011301934770735,4.095182471091728,4.20101711623262,3.814158125311571,4.07843582089096,2.2022991128433578,4.251871314128881,4.135427767511438,3.805756574610438,4.141918540694004,4.6342352826740925,4.196442010007427,3.2425254105285015,3.684248937975802,3.684248937975802,4.555198833685352,4.372144182613675,2.4504468742419774,2.1337201184956394,4.216922400796098,3.684248937975802,4.367099462540698,4.097146690343751,4.238226661134064,4.102774508472579,4.221568255403075,4.790241929076078,4.387317613605314,4.328541488808891,4.998198769751095
